[GIN-debug] [WARNING] Running in "debug" mode. Switch to "release" mode in production.
 - using env:	export GIN_MODE=release
 - using code:	gin.SetMode(gin.ReleaseMode)

[GIN-debug] GET    /health                   --> backend/router.RegisterRoutes.func1 (5 handlers)
[GIN-debug] GET    /workflow/public/stats    --> backend/middleware.GetStats (5 handlers)
[GIN-debug] POST   /api/auth/register        --> backend/router.UserRegister (5 handlers)
[GIN-debug] POST   /api/auth/login           --> backend/router.UserLogin (5 handlers)
[GIN-debug] GET    /api/auth/users           --> backend/router.ListUsers (5 handlers)
[GIN-debug] POST   /api/enterprise/register  --> backend/router.RegisterEnterprise (6 handlers)
[GIN-debug] GET    /api/enterprise           --> backend/router.ListEnterprises (5 handlers)
[GIN-debug] GET    /api/enterprise/:address  --> backend/router.GetEnterpriseByAddress (5 handlers)
[GIN-debug] POST   /api/receivable/issue     --> backend/router.IssueReceivable (6 handlers)
[GIN-debug] POST   /api/receivable/confirm   --> backend/router.ConfirmReceivable (6 handlers)
[GIN-debug] POST   /api/receivable/finance   --> backend/router.RecordFinancing (6 handlers)
[GIN-debug] POST   /api/receivable/settle    --> backend/router.RecordSettlement (6 handlers)
[GIN-debug] GET    /api/receivable           --> backend/router.ListReceivables (5 handlers)
[GIN-debug] GET    /api/receivable/:id       --> backend/router.GetReceivableByID (5 handlers)
[GIN-debug] GET    /api/receivable/:id/financing --> backend/router.GetFinancingByReceivable (5 handlers)
[GIN-debug] POST   /api/business/enterprise/register --> backend/router.RegisterEnterprise (6 handlers)
[GIN-debug] POST   /api/business/receivable/issue --> backend/router.IssueReceivable (6 handlers)
[GIN-debug] POST   /api/business/receivable/confirm --> backend/router.ConfirmReceivable (6 handlers)
[GIN-debug] POST   /api/business/receivable/settle --> backend/router.RecordSettlement (6 handlers)
[GIN-debug] GET    /api/business/receivable/:id --> backend/router.GetReceivableByID (6 handlers)
[GIN-debug] GET    /api/business/receivables --> backend/router.ListReceivables (6 handlers)
[GIN-debug] POST   /api/finance/receivable/finance --> backend/router.RecordFinancing (6 handlers)
[GIN-debug] GET    /api/finance/receivable/:id --> backend/router.GetReceivableByID (6 handlers)
[GIN-debug] GET    /api/finance/receivable/:id/financing --> backend/router.GetFinancingByReceivable (6 handlers)
[GIN-debug] GET    /api/finance/receivables  --> backend/router.ListReceivables (6 handlers)
[GIN-debug] GET    /api/dashboard/overview   --> backend/router.GetOverview (5 handlers)
[GIN-debug] GET    /api/tx-logs              --> backend/router.GetRecentTxLogs (5 handlers)
[GIN-debug] POST   /api/ipfs/upload          --> backend/router.FileUpload (6 handlers)
[GIN-debug] GET    /api/db/dashboard/overview --> backend/router.GetDBOverview (5 handlers)
[GIN-debug] GET    /api/db/enterprises       --> backend/router.ListDBEnterprises (5 handlers)
[GIN-debug] GET    /api/db/receivables       --> backend/router.ListDBReceivables (5 handlers)
[GIN-debug] GET    /api/db/receivables/:id   --> backend/router.GetDBReceivableByID (5 handlers)
[GIN-debug] GET    /api/db/receivables/:id/financing --> backend/router.ListDBFinancingByReceivable (5 handlers)
[GIN-debug] GET    /api/db/documents         --> backend/router.ListDBDocuments (5 handlers)
[GIN-debug] GET    /assets/*filepath         --> github.com/gin-gonic/gin.(*RouterGroup).createStaticHandler.func1 (5 handlers)
[GIN-debug] HEAD   /assets/*filepath         --> github.com/gin-gonic/gin.(*RouterGroup).createStaticHandler.func1 (5 handlers)
[GIN-debug] [WARNING] You trusted all proxies, this is NOT safe. We recommend you to set a value.
Please check https://github.com/gin-gonic/gin/blob/master/docs/doc.md#dont-trust-all-proxies for details.
[GIN-debug] Listening and serving HTTP on :8888
[GIN-debug] [WARNING] Running in "debug" mode. Switch to "release" mode in production.
 - using env:	export GIN_MODE=release
 - using code:	gin.SetMode(gin.ReleaseMode)

[GIN-debug] GET    /health                   --> backend/router.RegisterRoutes.func1 (5 handlers)
[GIN-debug] GET    /workflow/public/stats    --> backend/middleware.GetStats (5 handlers)
[GIN-debug] POST   /api/auth/register        --> backend/router.UserRegister (5 handlers)
[GIN-debug] POST   /api/auth/login           --> backend/router.UserLogin (5 handlers)
[GIN-debug] GET    /api/auth/users           --> backend/router.ListUsers (5 handlers)
[GIN-debug] POST   /api/enterprise/register  --> backend/router.RegisterEnterprise (6 handlers)
[GIN-debug] GET    /api/enterprise           --> backend/router.ListEnterprises (5 handlers)
[GIN-debug] GET    /api/enterprise/:address  --> backend/router.GetEnterpriseByAddress (5 handlers)
[GIN-debug] POST   /api/receivable/issue     --> backend/router.IssueReceivable (6 handlers)
[GIN-debug] POST   /api/receivable/confirm   --> backend/router.ConfirmReceivable (6 handlers)
[GIN-debug] POST   /api/receivable/finance   --> backend/router.RecordFinancing (6 handlers)
[GIN-debug] POST   /api/receivable/settle    --> backend/router.RecordSettlement (6 handlers)
[GIN-debug] GET    /api/receivable           --> backend/router.ListReceivables (5 handlers)
[GIN-debug] GET    /api/receivable/:id       --> backend/router.GetReceivableByID (5 handlers)
[GIN-debug] GET    /api/receivable/:id/financing --> backend/router.GetFinancingByReceivable (5 handlers)
[GIN-debug] POST   /api/business/enterprise/register --> backend/router.RegisterEnterprise (6 handlers)
[GIN-debug] POST   /api/business/receivable/issue --> backend/router.IssueReceivable (6 handlers)
[GIN-debug] POST   /api/business/receivable/confirm --> backend/router.ConfirmReceivable (6 handlers)
[GIN-debug] POST   /api/business/receivable/settle --> backend/router.RecordSettlement (6 handlers)
[GIN-debug] GET    /api/business/receivable/:id --> backend/router.GetReceivableByID (6 handlers)
[GIN-debug] GET    /api/business/receivables --> backend/router.ListReceivables (6 handlers)
[GIN-debug] POST   /api/finance/receivable/finance --> backend/router.RecordFinancing (6 handlers)
[GIN-debug] GET    /api/finance/receivable/:id --> backend/router.GetReceivableByID (6 handlers)
[GIN-debug] GET    /api/finance/receivable/:id/financing --> backend/router.GetFinancingByReceivable (6 handlers)
[GIN-debug] GET    /api/finance/receivables  --> backend/router.ListReceivables (6 handlers)
[GIN-debug] GET    /api/dashboard/overview   --> backend/router.GetOverview (5 handlers)
[GIN-debug] GET    /api/tx-logs              --> backend/router.GetRecentTxLogs (5 handlers)
[GIN-debug] POST   /api/ipfs/upload          --> backend/router.FileUpload (6 handlers)
[GIN-debug] GET    /api/db/dashboard/overview --> backend/router.GetDBOverview (5 handlers)
[GIN-debug] GET    /api/db/enterprises       --> backend/router.ListDBEnterprises (5 handlers)
[GIN-debug] GET    /api/db/receivables       --> backend/router.ListDBReceivables (5 handlers)
[GIN-debug] GET    /api/db/receivables/:id   --> backend/router.GetDBReceivableByID (5 handlers)
[GIN-debug] GET    /api/db/receivables/:id/financing --> backend/router.ListDBFinancingByReceivable (5 handlers)
[GIN-debug] GET    /api/db/documents         --> backend/router.ListDBDocuments (5 handlers)
[GIN-debug] GET    /assets/*filepath         --> github.com/gin-gonic/gin.(*RouterGroup).createStaticHandler.func1 (5 handlers)
[GIN-debug] HEAD   /assets/*filepath         --> github.com/gin-gonic/gin.(*RouterGroup).createStaticHandler.func1 (5 handlers)
[GIN-debug] [WARNING] You trusted all proxies, this is NOT safe. We recommend you to set a value.
Please check https://github.com/gin-gonic/gin/blob/master/docs/doc.md#dont-trust-all-proxies for details.
[GIN-debug] Listening and serving HTTP on :8888
[GIN] 2026/03/09 - 19:17:49 | 200 | 349.41ms |             ::1 | POST     "/api/auth/register"
[GIN] 2026/03/09 - 19:18:05 | 200 |  778.5ms |             ::1 | POST     "/api/auth/login"
[GIN] 2026/03/09 - 19:18:05 | 200 |      1ms |             ::1 | GET      "/api/auth/users"
[GIN] 2026/03/09 - 19:18:07 | 200 |  12.14ms |             ::1 | GET      "/api/db/receivables"
[GIN] 2026/03/09 - 19:18:08 | 200 |    1.1ms |             ::1 | GET      "/api/db/documents"
[GIN] 2026/03/09 - 19:18:08 | 200 |  15.54ms |             ::1 | GET      "/api/db/dashboard/overview"
[GIN] 2026/03/09 - 19:18:09 | 200 |  821.4µs |             ::1 | GET      "/api/db/receivables"
[GIN] 2026/03/09 - 19:18:10 | 200 |      2ms |             ::1 | GET      "/api/db/dashboard/overview"
[GIN] 2026/03/09 - 19:18:11 | 200 |  844.7µs |             ::1 | GET      "/api/db/receivables"
[GIN] 2026/03/09 - 19:18:11 | 200 |    1.5ms |             ::1 | GET      "/api/db/dashboard/overview"
[GIN] 2026/03/09 - 19:18:11 | 200 |  614.2µs |             ::1 | GET      "/api/db/receivables"
[GIN] 2026/03/09 - 19:18:12 | 200 |  620.1µs |             ::1 | GET      "/api/db/documents"
[GIN] 2026/03/09 - 19:18:16 | 200 |   3.36ms |             ::1 | GET      "/api/db/dashboard/overview"
[GIN] 2026/03/09 - 19:18:18 | 200 |   1.98ms |             ::1 | GET      "/api/db/dashboard/overview"
[GIN] 2026/03/09 - 19:18:19 | 200 |  679.5µs |             ::1 | GET      "/api/auth/users"
[GIN] 2026/03/09 - 19:18:32 | 200 |   1.34ms |             ::1 | GET      "/api/db/documents"
[GIN] 2026/03/09 - 19:18:33 | 200 |  675.8µs |             ::1 | GET      "/api/db/receivables"
[GIN] 2026/03/09 - 19:18:33 | 200 |   1.29ms |             ::1 | GET      "/api/db/dashboard/overview"
[GIN] 2026/03/09 - 19:18:34 | 200 |  590.1µs |             ::1 | GET      "/api/db/receivables"
[GIN] 2026/03/09 - 19:32:33 | 200 | 706.95ms |             ::1 | POST     "/api/auth/login"
[GIN] 2026/03/09 - 19:32:33 | 200 |  748.7µs |             ::1 | GET      "/api/auth/users"
[GIN] 2026/03/09 - 19:32:35 | 200 |  695.4µs |             ::1 | GET      "/api/db/documents"
[GIN] 2026/03/09 - 19:32:36 | 200 |  624.1µs |             ::1 | GET      "/api/db/receivables"
[GIN] 2026/03/09 - 19:32:36 | 200 |  841.5µs |             ::1 | GET      "/api/auth/users"
[GIN] 2026/03/09 - 19:32:36 | 200 |   1.08ms |             ::1 | GET      "/api/db/dashboard/overview"
[GIN] 2026/03/09 - 19:32:42 | 200 |    708µs |             ::1 | GET      "/api/db/receivables"
[GIN] 2026/03/09 - 19:32:42 | 200 |  819.2µs |             ::1 | GET      "/api/auth/users"
[GIN] 2026/03/09 - 19:32:43 | 200 |  689.4µs |             ::1 | GET      "/api/db/receivables"
[GIN] 2026/03/09 - 19:32:43 | 200 |  715.3µs |             ::1 | GET      "/api/db/documents"
[GIN] 2026/03/09 - 19:32:44 | 200 |  906.8µs |             ::1 | GET      "/api/auth/users"
[GIN] 2026/03/09 - 19:32:45 | 200 |  656.6µs |             ::1 | GET      "/api/db/documents"
[GIN] 2026/03/09 - 19:32:45 | 200 |   1.43ms |             ::1 | GET      "/api/db/receivables"
[GIN] 2026/03/09 - 19:32:46 | 200 |       0s |             ::1 | GET      "/api/db/documents"
[GIN] 2026/03/09 - 19:32:51 | 200 |  609.1µs |             ::1 | GET      "/api/db/receivables"
[GIN] 2026/03/09 - 19:32:51 | 200 |  716.7µs |             ::1 | GET      "/api/auth/users"
[GIN] 2026/03/09 - 19:33:18 | 200 |       0s |             ::1 | GET      "/api/db/receivables"
[GIN] 2026/03/09 - 19:33:21 | 200 |   8.33ms |             ::1 | GET      "/api/auth/users"
[GIN] 2026/03/09 - 19:33:33 | 200 |   1.23ms |             ::1 | GET      "/api/db/receivables"
[GIN] 2026/03/09 - 19:34:20 | 200 |  657.4µs |             ::1 | GET      "/api/db/documents"
[GIN] 2026/03/09 - 19:34:38 | 200 |  798.4µs |             ::1 | GET      "/api/auth/users"
[GIN] 2026/03/09 - 19:37:02 | 200 |    762µs |             ::1 | GET      "/api/auth/users"
[GIN] 2026/03/09 - 19:37:10 | 200 |   2.51ms |             ::1 | GET      "/api/db/dashboard/overview"
[GIN] 2026/03/09 - 19:37:11 | 200 |  813.7µs |             ::1 | GET      "/api/auth/users"
[GIN] 2026/03/09 - 19:37:11 | 200 |    632µs |             ::1 | GET      "/api/db/receivables"
[GIN] 2026/03/09 - 19:37:12 | 200 |  586.9µs |             ::1 | GET      "/api/db/documents"
[GIN] 2026/03/09 - 19:37:35 | 200 | 320.98ms |             ::1 | POST     "/api/auth/register"
[GIN] 2026/03/09 - 19:37:50 | 200 |  489.2ms |             ::1 | POST     "/api/auth/login"
[GIN] 2026/03/09 - 19:37:51 | 200 |       0s |             ::1 | GET      "/api/db/receivables"
[GIN] 2026/03/09 - 19:37:55 | 200 |   1.62ms |             ::1 | GET      "/api/db/receivables"
[GIN] 2026/03/09 - 19:37:58 | 200 |   2.76ms |             ::1 | GET      "/api/db/dashboard/overview"
[GIN] 2026/03/09 - 19:38:04 | 200 |   1.18ms |             ::1 | GET      "/api/db/receivables"
[GIN] 2026/03/09 - 19:38:05 | 200 |   1.84ms |             ::1 | GET      "/api/db/dashboard/overview"
[GIN] 2026/03/09 - 19:38:12 | 200 |   1.71ms |             ::1 | GET      "/api/db/dashboard/overview"
[GIN] 2026/03/09 - 19:38:13 | 200 |  690.8µs |             ::1 | GET      "/api/db/receivables"
[GIN] 2026/03/09 - 19:38:14 | 200 |   2.14ms |             ::1 | GET      "/api/db/dashboard/overview"
[GIN] 2026/03/09 - 19:38:25 | 200 | 330.26ms |             ::1 | POST     "/api/auth/register"
[GIN] 2026/03/09 - 19:38:27 | 200 | 475.76ms |             ::1 | POST     "/api/auth/login"
[GIN] 2026/03/09 - 19:38:27 | 200 |   1.78ms |             ::1 | GET      "/api/db/dashboard/overview"
[GIN] 2026/03/09 - 19:38:29 | 200 |       0s |             ::1 | GET      "/workflow/public/stats"
[GIN] 2026/03/09 - 19:38:29 | 200 |   1.36ms |             ::1 | GET      "/api/tx-logs?limit=100"
[GIN] 2026/03/09 - 19:38:31 | 200 |   1.14ms |             ::1 | GET      "/api/db/enterprises"
[GIN] 2026/03/09 - 19:38:31 | 200 |  11.97ms |             ::1 | GET      "/api/auth/users"
[GIN] 2026/03/09 - 19:38:32 | 200 |   1.06ms |             ::1 | GET      "/api/db/documents"
[GIN] 2026/03/09 - 19:38:32 | 200 |  707.6µs |             ::1 | GET      "/api/auth/users"
[GIN] 2026/03/09 - 19:38:32 | 200 |  707.6µs |             ::1 | GET      "/api/db/enterprises"
[GIN] 2026/03/09 - 19:38:33 | 200 |  680.2µs |             ::1 | GET      "/api/db/documents"
[GIN] 2026/03/09 - 19:38:33 | 200 |  550.5µs |             ::1 | GET      "/api/db/enterprises"
[GIN] 2026/03/09 - 19:38:33 | 200 |  582.7µs |             ::1 | GET      "/api/auth/users"
[GIN] 2026/03/09 - 19:38:35 | 200 |  633.9µs |             ::1 | GET      "/api/db/documents"
[GIN] 2026/03/09 - 19:38:39 | 200 |  534.7µs |             ::1 | GET      "/api/auth/users"
[GIN] 2026/03/09 - 19:38:39 | 200 |  691.1µs |             ::1 | GET      "/api/db/enterprises"
[GIN] 2026/03/09 - 19:38:39 | 200 |  608.3µs |             ::1 | GET      "/api/db/documents"
[GIN] 2026/03/09 - 19:38:39 | 200 |  759.6µs |             ::1 | GET      "/api/auth/users"
[GIN] 2026/03/09 - 19:38:39 | 200 |   1.36ms |             ::1 | GET      "/api/db/enterprises"
[GIN] 2026/03/09 - 19:38:40 | 200 |  787.4µs |             ::1 | GET      "/api/db/documents"
[GIN] 2026/03/09 - 19:38:40 | 200 |  559.8µs |             ::1 | GET      "/api/auth/users"
[GIN] 2026/03/09 - 19:38:40 | 200 |  559.8µs |             ::1 | GET      "/api/db/enterprises"
[GIN] 2026/03/09 - 19:38:42 | 200 |       0s |             ::1 | GET      "/workflow/public/stats"
[GIN] 2026/03/09 - 19:38:42 | 200 |       0s |             ::1 | GET      "/api/tx-logs?limit=100"
[GIN] 2026/03/09 - 19:38:42 | 200 |    531µs |             ::1 | GET      "/api/auth/users"
[GIN] 2026/03/09 - 19:38:42 | 200 |   1.04ms |             ::1 | GET      "/api/db/enterprises"
[GIN] 2026/03/09 - 19:38:43 | 200 |  657.6µs |             ::1 | GET      "/api/db/documents"
[GIN] 2026/03/09 - 19:38:43 | 200 |  573.7µs |             ::1 | GET      "/api/auth/users"
[GIN] 2026/03/09 - 19:38:43 | 200 |  573.7µs |             ::1 | GET      "/api/db/enterprises"
[GIN] 2026/03/09 - 19:38:43 | 200 |       0s |             ::1 | GET      "/workflow/public/stats"
[GIN] 2026/03/09 - 19:38:43 | 200 |    1.3ms |             ::1 | GET      "/api/tx-logs?limit=100"
[GIN] 2026/03/09 - 19:38:49 | 200 |   1.99ms |             ::1 | GET      "/api/db/dashboard/overview"
[GIN] 2026/03/09 - 19:45:07 | 200 |   2.49ms |             ::1 | GET      "/api/db/dashboard/overview"
[GIN] 2026/03/09 - 19:47:18 | 200 |   1.76ms |             ::1 | GET      "/api/db/dashboard/overview"
[GIN-debug] [WARNING] Running in "debug" mode. Switch to "release" mode in production.
 - using env:	export GIN_MODE=release
 - using code:	gin.SetMode(gin.ReleaseMode)

[GIN-debug] GET    /health                   --> backend/router.RegisterRoutes.func1 (5 handlers)
[GIN-debug] GET    /workflow/public/stats    --> backend/middleware.GetStats (5 handlers)
[GIN-debug] POST   /api/auth/register        --> backend/router.UserRegister (5 handlers)
[GIN-debug] POST   /api/auth/login           --> backend/router.UserLogin (5 handlers)
[GIN-debug] GET    /api/auth/users           --> backend/router.ListUsers (5 handlers)
[GIN-debug] POST   /api/enterprise/register  --> backend/router.RegisterEnterprise (6 handlers)
[GIN-debug] GET    /api/enterprise           --> backend/router.ListEnterprises (5 handlers)
[GIN-debug] GET    /api/enterprise/:address  --> backend/router.GetEnterpriseByAddress (5 handlers)
[GIN-debug] POST   /api/receivable/issue     --> backend/router.IssueReceivable (6 handlers)
[GIN-debug] POST   /api/receivable/confirm   --> backend/router.ConfirmReceivable (6 handlers)
[GIN-debug] POST   /api/receivable/finance   --> backend/router.RecordFinancing (6 handlers)
[GIN-debug] POST   /api/receivable/settle    --> backend/router.RecordSettlement (6 handlers)
[GIN-debug] GET    /api/receivable           --> backend/router.ListReceivables (5 handlers)
[GIN-debug] GET    /api/receivable/:id       --> backend/router.GetReceivableByID (5 handlers)
[GIN-debug] GET    /api/receivable/:id/financing --> backend/router.GetFinancingByReceivable (5 handlers)
[GIN-debug] POST   /api/business/enterprise/register --> backend/router.RegisterEnterprise (6 handlers)
[GIN-debug] POST   /api/business/receivable/issue --> backend/router.IssueReceivable (6 handlers)
[GIN-debug] POST   /api/business/receivable/confirm --> backend/router.ConfirmReceivable (6 handlers)
[GIN-debug] POST   /api/business/receivable/settle --> backend/router.RecordSettlement (6 handlers)
[GIN-debug] GET    /api/business/receivable/:id --> backend/router.GetReceivableByID (6 handlers)
[GIN-debug] GET    /api/business/receivables --> backend/router.ListReceivables (6 handlers)
[GIN-debug] POST   /api/finance/receivable/finance --> backend/router.RecordFinancing (6 handlers)
[GIN-debug] GET    /api/finance/receivable/:id --> backend/router.GetReceivableByID (6 handlers)
[GIN-debug] GET    /api/finance/receivable/:id/financing --> backend/router.GetFinancingByReceivable (6 handlers)
[GIN-debug] GET    /api/finance/receivables  --> backend/router.ListReceivables (6 handlers)
[GIN-debug] GET    /api/dashboard/overview   --> backend/router.GetOverview (5 handlers)
[GIN-debug] GET    /api/tx-logs              --> backend/router.GetRecentTxLogs (5 handlers)
[GIN-debug] GET    /api/chain/stats          --> backend/router.GetChainStats (6 handlers)
[GIN-debug] POST   /api/ai/chat              --> backend/router.ChatAssistant (6 handlers)
[GIN-debug] POST   /api/ipfs/upload          --> backend/router.FileUpload (6 handlers)
[GIN-debug] GET    /api/db/dashboard/overview --> backend/router.GetDBOverview (5 handlers)
[GIN-debug] GET    /api/db/enterprises       --> backend/router.ListDBEnterprises (5 handlers)
[GIN-debug] GET    /api/db/receivables       --> backend/router.ListDBReceivables (5 handlers)
[GIN-debug] GET    /api/db/receivables/:id   --> backend/router.GetDBReceivableByID (5 handlers)
[GIN-debug] GET    /api/db/receivables/:id/financing --> backend/router.ListDBFinancingByReceivable (5 handlers)
[GIN-debug] GET    /api/db/documents         --> backend/router.ListDBDocuments (5 handlers)
[GIN-debug] GET    /assets/*filepath         --> github.com/gin-gonic/gin.(*RouterGroup).createStaticHandler.func1 (5 handlers)
[GIN-debug] HEAD   /assets/*filepath         --> github.com/gin-gonic/gin.(*RouterGroup).createStaticHandler.func1 (5 handlers)
[GIN-debug] [WARNING] You trusted all proxies, this is NOT safe. We recommend you to set a value.
Please check https://github.com/gin-gonic/gin/blob/master/docs/doc.md#dont-trust-all-proxies for details.
[GIN-debug] Listening and serving HTTP on :8888
[GIN] 2026/03/10 - 19:24:41 | 401 | 180.16ms |             ::1 | POST     "/api/auth/login"
[GIN] 2026/03/10 - 19:24:43 | 401 |  120.2ms |             ::1 | POST     "/api/auth/login"
[GIN] 2026/03/10 - 19:24:49 | 200 | 783.04ms |             ::1 | POST     "/api/auth/login"
[GIN] 2026/03/10 - 19:24:49 | 200 |   2.06ms |             ::1 | GET      "/api/auth/users"
[GIN] 2026/03/10 - 19:25:02 | 200 |    6.38s |             ::1 | POST     "/api/ai/chat"
[GIN] 2026/03/10 - 19:26:48 | 200 |  27.38ms |             ::1 | GET      "/api/db/dashboard/overview"
[GIN] 2026/03/10 - 19:28:19 | 200 |   3.66ms |             ::1 | GET      "/api/db/dashboard/overview"
[GIN-debug] [WARNING] Running in "debug" mode. Switch to "release" mode in production.
 - using env:	export GIN_MODE=release
 - using code:	gin.SetMode(gin.ReleaseMode)

[GIN-debug] GET    /health                   --> backend/router.RegisterRoutes.func1 (5 handlers)
[GIN-debug] GET    /workflow/public/stats    --> backend/middleware.GetStats (5 handlers)
[GIN-debug] POST   /api/auth/register        --> backend/router.UserRegister (5 handlers)
[GIN-debug] POST   /api/auth/login           --> backend/router.UserLogin (5 handlers)
[GIN-debug] GET    /api/auth/users           --> backend/router.ListUsers (5 handlers)
[GIN-debug] POST   /api/enterprise/register  --> backend/router.RegisterEnterprise (6 handlers)
[GIN-debug] GET    /api/enterprise           --> backend/router.ListEnterprises (5 handlers)
[GIN-debug] GET    /api/enterprise/:address  --> backend/router.GetEnterpriseByAddress (5 handlers)
[GIN-debug] POST   /api/receivable/issue     --> backend/router.IssueReceivable (6 handlers)
[GIN-debug] POST   /api/receivable/confirm   --> backend/router.ConfirmReceivable (6 handlers)
[GIN-debug] POST   /api/receivable/finance   --> backend/router.RecordFinancing (6 handlers)
[GIN-debug] POST   /api/receivable/settle    --> backend/router.RecordSettlement (6 handlers)
[GIN-debug] GET    /api/receivable           --> backend/router.ListReceivables (5 handlers)
[GIN-debug] GET    /api/receivable/:id       --> backend/router.GetReceivableByID (5 handlers)
[GIN-debug] GET    /api/receivable/:id/financing --> backend/router.GetFinancingByReceivable (5 handlers)
[GIN-debug] POST   /api/business/enterprise/register --> backend/router.RegisterEnterprise (6 handlers)
[GIN-debug] POST   /api/business/receivable/issue --> backend/router.IssueReceivable (6 handlers)
[GIN-debug] POST   /api/business/receivable/confirm --> backend/router.ConfirmReceivable (6 handlers)
[GIN-debug] POST   /api/business/receivable/settle --> backend/router.RecordSettlement (6 handlers)
[GIN-debug] GET    /api/business/receivable/:id --> backend/router.GetReceivableByID (6 handlers)
[GIN-debug] GET    /api/business/receivables --> backend/router.ListReceivables (6 handlers)
[GIN-debug] POST   /api/finance/receivable/finance --> backend/router.RecordFinancing (6 handlers)
[GIN-debug] GET    /api/finance/receivable/:id --> backend/router.GetReceivableByID (6 handlers)
[GIN-debug] GET    /api/finance/receivable/:id/financing --> backend/router.GetFinancingByReceivable (6 handlers)
[GIN-debug] GET    /api/finance/receivables  --> backend/router.ListReceivables (6 handlers)
[GIN-debug] GET    /api/dashboard/overview   --> backend/router.GetOverview (5 handlers)
[GIN-debug] GET    /api/tx-logs              --> backend/router.GetRecentTxLogs (5 handlers)
[GIN-debug] GET    /api/chain/stats          --> backend/router.GetChainStats (6 handlers)
[GIN-debug] POST   /api/ai/chat              --> backend/router.ChatAssistant (6 handlers)
[GIN-debug] POST   /api/ipfs/upload          --> backend/router.FileUpload (6 handlers)
[GIN-debug] GET    /api/db/dashboard/overview --> backend/router.GetDBOverview (5 handlers)
[GIN-debug] GET    /api/db/enterprises       --> backend/router.ListDBEnterprises (5 handlers)
[GIN-debug] GET    /api/db/receivables       --> backend/router.ListDBReceivables (5 handlers)
[GIN-debug] GET    /api/db/receivables/:id   --> backend/router.GetDBReceivableByID (5 handlers)
[GIN-debug] GET    /api/db/receivables/:id/financing --> backend/router.ListDBFinancingByReceivable (5 handlers)
[GIN-debug] GET    /api/db/documents         --> backend/router.ListDBDocuments (5 handlers)
[GIN-debug] GET    /assets/*filepath         --> github.com/gin-gonic/gin.(*RouterGroup).createStaticHandler.func1 (5 handlers)
[GIN-debug] HEAD   /assets/*filepath         --> github.com/gin-gonic/gin.(*RouterGroup).createStaticHandler.func1 (5 handlers)
[GIN-debug] [WARNING] You trusted all proxies, this is NOT safe. We recommend you to set a value.
Please check https://github.com/gin-gonic/gin/blob/master/docs/doc.md#dont-trust-all-proxies for details.
[GIN-debug] Listening and serving HTTP on :8888
[GIN] 2026/03/10 - 19:33:57 | 200 |    1.67s |             ::1 | POST     "/api/ai/chat"
[GIN] 2026/03/10 - 19:34:26 | 200 |    8.73s |             ::1 | POST     "/api/ai/chat"
[GIN] 2026/03/10 - 19:36:33 | 403 |   1.36ms |             ::1 | GET      "/api/chain/stats"
[GIN] 2026/03/10 - 19:36:33 | 200 |   6.56ms |             ::1 | GET      "/api/db/dashboard/overview"
[GIN] 2026/03/10 - 19:36:40 | 403 |  575.8µs |             ::1 | GET      "/api/chain/stats"
[GIN] 2026/03/10 - 19:36:40 | 200 |   3.14ms |             ::1 | GET      "/api/db/dashboard/overview"
[GIN] 2026/03/10 - 19:36:40 | 403 |  518.6µs |             ::1 | GET      "/api/chain/stats"
[GIN] 2026/03/10 - 19:36:40 | 200 |   3.05ms |             ::1 | GET      "/api/db/dashboard/overview"
[GIN] 2026/03/10 - 19:36:45 | 403 |       0s |             ::1 | GET      "/api/chain/stats"
[GIN] 2026/03/10 - 19:36:45 | 200 |   3.82ms |             ::1 | GET      "/api/db/dashboard/overview"
[GIN] 2026/03/10 - 19:37:07 | 200 |    1.32s |             ::1 | POST     "/api/auth/login"
[GIN] 2026/03/10 - 19:37:07 | 200 |  982.3µs |             ::1 | GET      "/api/auth/users"
[GIN] 2026/03/10 - 19:37:09 | 200 |   2.82ms |             ::1 | GET      "/api/db/dashboard/overview"
[GIN] 2026/03/10 - 19:37:09 | 403 |       0s |             ::1 | GET      "/api/chain/stats"
[GIN] 2026/03/10 - 19:40:04 | 403 |       0s |             ::1 | GET      "/api/chain/stats"
[GIN] 2026/03/10 - 19:40:04 | 200 |    5.5ms |             ::1 | GET      "/api/db/dashboard/overview"
[GIN-debug] [WARNING] Running in "debug" mode. Switch to "release" mode in production.
 - using env:	export GIN_MODE=release
 - using code:	gin.SetMode(gin.ReleaseMode)

[GIN-debug] GET    /health                   --> backend/router.RegisterRoutes.func1 (5 handlers)
[GIN-debug] GET    /workflow/public/stats    --> backend/middleware.GetStats (5 handlers)
[GIN-debug] POST   /api/auth/register        --> backend/router.UserRegister (5 handlers)
[GIN-debug] POST   /api/auth/login           --> backend/router.UserLogin (5 handlers)
[GIN-debug] GET    /api/auth/users           --> backend/router.ListUsers (5 handlers)
[GIN-debug] POST   /api/enterprise/register  --> backend/router.RegisterEnterprise (6 handlers)
[GIN-debug] GET    /api/enterprise           --> backend/router.ListEnterprises (5 handlers)
[GIN-debug] GET    /api/enterprise/:address  --> backend/router.GetEnterpriseByAddress (5 handlers)
[GIN-debug] POST   /api/receivable/issue     --> backend/router.IssueReceivable (6 handlers)
[GIN-debug] POST   /api/receivable/confirm   --> backend/router.ConfirmReceivable (6 handlers)
[GIN-debug] POST   /api/receivable/finance   --> backend/router.RecordFinancing (6 handlers)
[GIN-debug] POST   /api/receivable/settle    --> backend/router.RecordSettlement (6 handlers)
[GIN-debug] GET    /api/receivable           --> backend/router.ListReceivables (5 handlers)
[GIN-debug] GET    /api/receivable/:id       --> backend/router.GetReceivableByID (5 handlers)
[GIN-debug] GET    /api/receivable/:id/financing --> backend/router.GetFinancingByReceivable (5 handlers)
[GIN-debug] POST   /api/business/enterprise/register --> backend/router.RegisterEnterprise (6 handlers)
[GIN-debug] POST   /api/business/receivable/issue --> backend/router.IssueReceivable (6 handlers)
[GIN-debug] POST   /api/business/receivable/confirm --> backend/router.ConfirmReceivable (6 handlers)
[GIN-debug] POST   /api/business/receivable/settle --> backend/router.RecordSettlement (6 handlers)
[GIN-debug] GET    /api/business/receivable/:id --> backend/router.GetReceivableByID (6 handlers)
[GIN-debug] GET    /api/business/receivables --> backend/router.ListReceivables (6 handlers)
[GIN-debug] POST   /api/finance/receivable/finance --> backend/router.RecordFinancing (6 handlers)
[GIN-debug] GET    /api/finance/receivable/:id --> backend/router.GetReceivableByID (6 handlers)
[GIN-debug] GET    /api/finance/receivable/:id/financing --> backend/router.GetFinancingByReceivable (6 handlers)
[GIN-debug] GET    /api/finance/receivables  --> backend/router.ListReceivables (6 handlers)
[GIN-debug] GET    /api/dashboard/overview   --> backend/router.GetOverview (5 handlers)
[GIN-debug] GET    /api/tx-logs              --> backend/router.GetRecentTxLogs (5 handlers)
[GIN-debug] GET    /api/chain/stats          --> backend/router.GetChainStats (6 handlers)
[GIN-debug] POST   /api/ai/chat              --> backend/router.ChatAssistant (6 handlers)
[GIN-debug] POST   /api/ipfs/upload          --> backend/router.FileUpload (6 handlers)
[GIN-debug] GET    /api/db/dashboard/overview --> backend/router.GetDBOverview (5 handlers)
[GIN-debug] GET    /api/db/enterprises       --> backend/router.ListDBEnterprises (5 handlers)
[GIN-debug] GET    /api/db/receivables       --> backend/router.ListDBReceivables (5 handlers)
[GIN-debug] GET    /api/db/receivables/:id   --> backend/router.GetDBReceivableByID (5 handlers)
[GIN-debug] GET    /api/db/receivables/:id/financing --> backend/router.ListDBFinancingByReceivable (5 handlers)
[GIN-debug] GET    /api/db/documents         --> backend/router.ListDBDocuments (5 handlers)
[GIN-debug] GET    /assets/*filepath         --> github.com/gin-gonic/gin.(*RouterGroup).createStaticHandler.func1 (5 handlers)
[GIN-debug] HEAD   /assets/*filepath         --> github.com/gin-gonic/gin.(*RouterGroup).createStaticHandler.func1 (5 handlers)
[GIN-debug] [WARNING] You trusted all proxies, this is NOT safe. We recommend you to set a value.
Please check https://github.com/gin-gonic/gin/blob/master/docs/doc.md#dont-trust-all-proxies for details.
[GIN-debug] Listening and serving HTTP on :8888
[GIN] 2026/03/10 - 19:42:44 | 200 |  75.79ms |             ::1 | GET      "/api/db/dashboard/overview"
[GIN] 2026/03/10 - 19:42:44 | 200 | 137.53ms |             ::1 | GET      "/api/chain/stats"
[GIN] 2026/03/10 - 19:44:17 | 200 |   1.18ms |             ::1 | GET      "/api/auth/users"
[GIN] 2026/03/10 - 19:44:17 | 200 |   9.62ms |             ::1 | GET      "/api/db/receivables"
[GIN] 2026/03/10 - 19:44:18 | 200 |   1.45ms |             ::1 | GET      "/api/db/documents"
[GIN] 2026/03/10 - 19:44:19 | 200 |   1.54ms |             ::1 | GET      "/api/db/documents"
[GIN] 2026/03/10 - 19:44:20 | 200 |   1.04ms |             ::1 | GET      "/api/auth/users"
[GIN] 2026/03/10 - 19:44:34 | 200 |   2.64ms |             ::1 | GET      "/api/db/dashboard/overview"
[GIN] 2026/03/10 - 19:44:34 | 200 | 135.75ms |             ::1 | GET      "/api/chain/stats"
[GIN] 2026/03/10 - 19:44:34 | 200 |   1.18ms |             ::1 | GET      "/api/auth/users"
[GIN] 2026/03/10 - 19:44:40 | 200 |   1.34ms |             ::1 | GET      "/api/db/receivables"
[GIN] 2026/03/10 - 19:44:40 | 200 |   1.69ms |             ::1 | GET      "/api/db/documents"
[GIN] 2026/03/10 - 19:44:41 | 200 |   1.27ms |             ::1 | GET      "/api/auth/users"
[GIN] 2026/03/10 - 19:44:42 | 200 |   4.95ms |             ::1 | GET      "/api/db/dashboard/overview"
[GIN] 2026/03/10 - 19:44:42 | 200 | 655.69ms |             ::1 | GET      "/api/chain/stats"
[GIN] 2026/03/10 - 19:51:47 | 200 |    1.19s |             ::1 | POST     "/api/auth/login"
[GIN] 2026/03/10 - 19:51:47 | 200 |      1ms |             ::1 | GET      "/api/auth/users"
[GIN] 2026/03/10 - 19:52:37 | 200 |   2.01ms |             ::1 | GET      "/api/db/documents"
[GIN] 2026/03/10 - 19:52:54 | 200 |    3.44s |             ::1 | POST     "/api/ai/chat"
[GIN-debug] [WARNING] Running in "debug" mode. Switch to "release" mode in production.
 - using env:	export GIN_MODE=release
 - using code:	gin.SetMode(gin.ReleaseMode)

[GIN-debug] GET    /health                   --> backend/router.RegisterRoutes.func1 (5 handlers)
[GIN-debug] GET    /workflow/public/stats    --> backend/middleware.GetStats (5 handlers)
[GIN-debug] POST   /api/auth/register        --> backend/router.UserRegister (5 handlers)
[GIN-debug] POST   /api/auth/login           --> backend/router.UserLogin (5 handlers)
[GIN-debug] GET    /api/auth/users           --> backend/router.ListUsers (5 handlers)
[GIN-debug] POST   /api/enterprise/register  --> backend/router.RegisterEnterprise (6 handlers)
[GIN-debug] GET    /api/enterprise           --> backend/router.ListEnterprises (5 handlers)
[GIN-debug] GET    /api/enterprise/:address  --> backend/router.GetEnterpriseByAddress (5 handlers)
[GIN-debug] POST   /api/receivable/issue     --> backend/router.IssueReceivable (6 handlers)
[GIN-debug] POST   /api/receivable/confirm   --> backend/router.ConfirmReceivable (6 handlers)
[GIN-debug] POST   /api/receivable/finance   --> backend/router.RecordFinancing (6 handlers)
[GIN-debug] POST   /api/receivable/settle    --> backend/router.RecordSettlement (6 handlers)
[GIN-debug] GET    /api/receivable           --> backend/router.ListReceivables (5 handlers)
[GIN-debug] GET    /api/receivable/:id       --> backend/router.GetReceivableByID (5 handlers)
[GIN-debug] GET    /api/receivable/:id/financing --> backend/router.GetFinancingByReceivable (5 handlers)
[GIN-debug] POST   /api/business/enterprise/register --> backend/router.RegisterEnterprise (6 handlers)
[GIN-debug] POST   /api/business/receivable/issue --> backend/router.IssueReceivable (6 handlers)
[GIN-debug] POST   /api/business/receivable/confirm --> backend/router.ConfirmReceivable (6 handlers)
[GIN-debug] POST   /api/business/receivable/settle --> backend/router.RecordSettlement (6 handlers)
[GIN-debug] GET    /api/business/receivable/:id --> backend/router.GetReceivableByID (6 handlers)
[GIN-debug] GET    /api/business/receivables --> backend/router.ListReceivables (6 handlers)
[GIN-debug] POST   /api/finance/receivable/finance --> backend/router.RecordFinancing (6 handlers)
[GIN-debug] GET    /api/finance/receivable/:id --> backend/router.GetReceivableByID (6 handlers)
[GIN-debug] GET    /api/finance/receivable/:id/financing --> backend/router.GetFinancingByReceivable (6 handlers)
[GIN-debug] GET    /api/finance/receivables  --> backend/router.ListReceivables (6 handlers)
[GIN-debug] GET    /api/dashboard/overview   --> backend/router.GetOverview (5 handlers)
[GIN-debug] GET    /api/tx-logs              --> backend/router.GetRecentTxLogs (5 handlers)
[GIN-debug] GET    /api/chain/stats          --> backend/router.GetChainStats (6 handlers)
[GIN-debug] POST   /api/ai/chat              --> backend/router.ChatAssistant (6 handlers)
[GIN-debug] POST   /api/ipfs/upload          --> backend/router.FileUpload (6 handlers)
[GIN-debug] GET    /api/db/dashboard/overview --> backend/router.GetDBOverview (5 handlers)
[GIN-debug] GET    /api/db/enterprises       --> backend/router.ListDBEnterprises (5 handlers)
[GIN-debug] GET    /api/db/receivables       --> backend/router.ListDBReceivables (5 handlers)
[GIN-debug] GET    /api/db/receivables/:id   --> backend/router.GetDBReceivableByID (5 handlers)
[GIN-debug] GET    /api/db/receivables/:id/financing --> backend/router.ListDBFinancingByReceivable (5 handlers)
[GIN-debug] GET    /api/db/documents         --> backend/router.ListDBDocuments (5 handlers)
[GIN-debug] GET    /assets/*filepath         --> github.com/gin-gonic/gin.(*RouterGroup).createStaticHandler.func1 (5 handlers)
[GIN-debug] HEAD   /assets/*filepath         --> github.com/gin-gonic/gin.(*RouterGroup).createStaticHandler.func1 (5 handlers)
[GIN-debug] [WARNING] You trusted all proxies, this is NOT safe. We recommend you to set a value.
Please check https://github.com/gin-gonic/gin/blob/master/docs/doc.md#dont-trust-all-proxies for details.
[GIN-debug] Listening and serving HTTP on :8888
[GIN] 2026/03/10 - 20:06:34 | 200 |  53.69ms |             ::1 | GET      "/api/db/documents"
[GIN] 2026/03/10 - 20:06:36 | 200 |   2.58ms |             ::1 | GET      "/api/db/receivables"
[GIN] 2026/03/10 - 20:06:38 | 200 |   2.77ms |             ::1 | GET      "/api/db/dashboard/overview"
[GIN] 2026/03/10 - 20:06:38 | 200 | 398.21ms |             ::1 | GET      "/api/chain/stats"
[GIN] 2026/03/10 - 20:06:38 | 200 |      1ms |             ::1 | GET      "/api/auth/users"
[GIN] 2026/03/10 - 20:06:38 | 200 |   1.53ms |             ::1 | GET      "/api/db/receivables"
[GIN] 2026/03/10 - 20:06:39 | 200 |  998.5µs |             ::1 | GET      "/api/db/receivables"
[GIN] 2026/03/10 - 20:06:40 | 200 |   1.84ms |             ::1 | GET      "/api/db/documents"
[GIN] 2026/03/10 - 20:06:40 | 200 |  898.7µs |             ::1 | GET      "/api/db/receivables"
[GIN] 2026/03/10 - 20:06:41 | 200 |   1.15ms |             ::1 | GET      "/api/db/documents"
[GIN] 2026/03/10 - 20:06:42 | 200 |  596.4µs |             ::1 | GET      "/api/auth/users"
[GIN] 2026/03/10 - 20:06:42 | 200 |  22.11ms |             ::1 | GET      "/api/db/receivables"
[GIN] 2026/03/10 - 20:07:01 | 200 |   1.57ms |             ::1 | GET      "/api/db/receivables"
[GIN] 2026/03/10 - 20:07:03 | 200 |   3.34ms |             ::1 | GET      "/api/db/documents"
[GIN] 2026/03/10 - 20:07:34 | 200 |    1.9ms |             ::1 | GET      "/api/db/enterprises"
[GIN] 2026/03/10 - 20:07:34 | 200 |   1.32ms |             ::1 | GET      "/api/db/receivables"
[GIN] 2026/03/10 - 20:07:34 | 200 |   1.21ms |             ::1 | GET      "/api/db/documents"
[GIN] 2026/03/10 - 20:08:07 | 200 |   2.67ms |             ::1 | GET      "/api/db/enterprises"
[GIN] 2026/03/10 - 20:08:07 | 200 |   1.42ms |             ::1 | GET      "/api/db/documents"
[GIN] 2026/03/10 - 20:08:07 | 200 |   7.85ms |             ::1 | GET      "/api/db/receivables"
[GIN] 2026/03/10 - 20:08:07 | 200 |  10.43ms |             ::1 | GET      "/api/db/dashboard/overview"
[GIN] 2026/03/10 - 20:08:08 | 200 | 211.81ms |             ::1 | GET      "/api/chain/stats"
[GIN] 2026/03/10 - 20:08:11 | 200 |   1.82ms |             ::1 | GET      "/api/db/enterprises"
[GIN] 2026/03/10 - 20:08:11 | 200 |   1.89ms |             ::1 | GET      "/api/db/receivables"
[GIN] 2026/03/10 - 20:08:11 | 200 |   2.09ms |             ::1 | GET      "/api/db/documents"
[GIN] 2026/03/10 - 20:08:11 | 200 |  919.9µs |             ::1 | GET      "/api/auth/users"
[GIN] 2026/03/10 - 20:08:11 | 200 |   2.16ms |             ::1 | GET      "/api/db/receivables"
[GIN] 2026/03/10 - 20:08:12 | 200 |  11.72ms |             ::1 | GET      "/api/db/enterprises"
[GIN] 2026/03/10 - 20:08:12 | 200 |   2.78ms |             ::1 | GET      "/api/db/receivables"
[GIN] 2026/03/10 - 20:08:12 | 200 |  839.7µs |             ::1 | GET      "/api/db/documents"
[GIN] 2026/03/10 - 20:08:12 | 200 |   4.68ms |             ::1 | GET      "/api/db/dashboard/overview"
[GIN] 2026/03/10 - 20:08:13 | 200 |  389.7ms |             ::1 | GET      "/api/chain/stats"
[GIN] 2026/03/10 - 20:08:13 | 200 |   2.19ms |             ::1 | GET      "/api/db/enterprises"
[GIN] 2026/03/10 - 20:08:13 | 200 |   2.72ms |             ::1 | GET      "/api/db/documents"
[GIN] 2026/03/10 - 20:08:13 | 200 |  30.11ms |             ::1 | GET      "/api/db/receivables"
[GIN] 2026/03/10 - 20:08:13 | 200 |   1.24ms |             ::1 | GET      "/api/db/receivables"
[GIN] 2026/03/10 - 20:08:22 | 200 |    1.5ms |             ::1 | GET      "/api/db/receivables"
[GIN] 2026/03/10 - 20:08:22 | 200 |   2.07ms |             ::1 | GET      "/api/db/enterprises"
[GIN] 2026/03/10 - 20:08:22 | 200 |   2.32ms |             ::1 | GET      "/api/db/documents"
[GIN] 2026/03/10 - 20:08:22 | 200 |   5.45ms |             ::1 | GET      "/api/db/documents"
[GIN] 2026/03/10 - 20:08:23 | 200 |   3.02ms |             ::1 | GET      "/api/db/receivables"
[GIN] 2026/03/10 - 20:08:23 | 200 |    4.8ms |             ::1 | GET      "/api/db/enterprises"
[GIN] 2026/03/10 - 20:08:23 | 200 |   11.4ms |             ::1 | GET      "/api/db/documents"
[GIN] 2026/03/10 - 20:08:24 | 200 |    1.3ms |             ::1 | GET      "/api/db/enterprises"
[GIN] 2026/03/10 - 20:08:24 | 200 |   1.57ms |             ::1 | GET      "/api/db/receivables"
[GIN] 2026/03/10 - 20:08:24 | 200 |  12.53ms |             ::1 | GET      "/api/db/documents"
[GIN] 2026/03/10 - 20:08:24 | 200 |  10.79ms |             ::1 | GET      "/api/db/dashboard/overview"
[GIN] 2026/03/10 - 20:08:25 | 200 | 637.81ms |             ::1 | GET      "/api/chain/stats"
[GIN] 2026/03/10 - 20:12:33 | 200 |   1.22ms |             ::1 | GET      "/api/db/enterprises"
[GIN] 2026/03/10 - 20:12:33 | 200 |    1.4ms |             ::1 | GET      "/api/db/receivables"
[GIN] 2026/03/10 - 20:12:33 | 200 |   1.76ms |             ::1 | GET      "/api/db/documents"
[GIN] 2026/03/10 - 20:12:33 | 200 |   1.43ms |             ::1 | GET      "/api/db/enterprises"
[GIN] 2026/03/10 - 20:12:33 | 200 |   1.19ms |             ::1 | GET      "/api/db/documents"
[GIN] 2026/03/10 - 20:12:33 | 200 |   1.79ms |             ::1 | GET      "/api/db/receivables"
[GIN] 2026/03/10 - 20:12:33 | 200 |   3.88ms |             ::1 | GET      "/api/db/dashboard/overview"
[GIN] 2026/03/10 - 20:12:33 | 200 |  206.6ms |             ::1 | GET      "/api/chain/stats"
[GIN] 2026/03/10 - 20:12:41 | 200 |   1.29ms |             ::1 | GET      "/api/db/enterprises"
[GIN] 2026/03/10 - 20:12:41 | 200 |   1.34ms |             ::1 | GET      "/api/db/receivables"
[GIN] 2026/03/10 - 20:12:41 | 200 |    4.7ms |             ::1 | GET      "/api/db/documents"
[GIN] 2026/03/10 - 20:12:41 | 200 |  756.3µs |             ::1 | GET      "/api/auth/users"
[GIN] 2026/03/10 - 20:12:41 | 200 |   1.35ms |             ::1 | GET      "/api/db/receivables"
[GIN] 2026/03/10 - 20:15:16 | 200 |   1.42ms |             ::1 | GET      "/api/auth/users"
[GIN] 2026/03/10 - 20:15:16 | 200 |   2.28ms |             ::1 | GET      "/api/db/receivables"
[GIN] 2026/03/10 - 20:15:37 | 200 |   2.99ms |             ::1 | GET      "/api/db/enterprises"
[GIN] 2026/03/10 - 20:15:37 | 200 |  982.7µs |             ::1 | GET      "/api/db/receivables"
[GIN] 2026/03/10 - 20:15:37 | 200 |  980.2µs |             ::1 | GET      "/api/db/documents"
[GIN] 2026/03/10 - 20:15:39 | 200 |      1ms |             ::1 | GET      "/api/db/enterprises"
[GIN] 2026/03/10 - 20:15:39 | 200 |  991.2µs |             ::1 | GET      "/api/db/receivables"
[GIN] 2026/03/10 - 20:15:39 | 200 |   1.99ms |             ::1 | GET      "/api/db/documents"
[GIN] 2026/03/10 - 20:15:39 | 200 |   4.96ms |             ::1 | GET      "/api/db/dashboard/overview"
[GIN] 2026/03/10 - 20:15:39 | 200 |  699.2ms |             ::1 | GET      "/api/chain/stats"
[GIN] 2026/03/10 - 20:15:43 | 200 |   1.93ms |             ::1 | GET      "/api/db/enterprises"
[GIN] 2026/03/10 - 20:15:43 | 200 |    958µs |             ::1 | GET      "/api/db/receivables"
[GIN] 2026/03/10 - 20:15:43 | 200 |  760.6µs |             ::1 | GET      "/api/db/documents"
[GIN] 2026/03/10 - 20:15:44 | 200 |   1.11ms |             ::1 | GET      "/api/db/enterprises"
[GIN] 2026/03/10 - 20:15:44 | 200 |  12.31ms |             ::1 | GET      "/api/db/receivables"
[GIN] 2026/03/10 - 20:15:44 | 200 |  12.51ms |             ::1 | GET      "/api/db/documents"
[GIN] 2026/03/10 - 20:15:44 | 200 |   4.74ms |             ::1 | GET      "/api/db/receivables"
[GIN] 2026/03/10 - 20:15:45 | 200 |   1.33ms |             ::1 | GET      "/api/db/enterprises"
[GIN] 2026/03/10 - 20:15:45 | 200 |   1.45ms |             ::1 | GET      "/api/db/receivables"
[GIN] 2026/03/10 - 20:15:45 | 200 |   3.57ms |             ::1 | GET      "/api/db/documents"
[GIN] 2026/03/10 - 20:15:45 | 200 |   4.85ms |             ::1 | GET      "/api/db/dashboard/overview"
[GIN] 2026/03/10 - 20:15:46 | 200 | 403.13ms |             ::1 | GET      "/api/chain/stats"
[GIN] 2026/03/10 - 20:16:00 | 200 |   1.35ms |             ::1 | GET      "/api/db/enterprises"
[GIN] 2026/03/10 - 20:16:00 | 200 |    1.2ms |             ::1 | GET      "/api/db/documents"
[GIN] 2026/03/10 - 20:16:00 | 200 |   1.82ms |             ::1 | GET      "/api/db/receivables"
[GIN] 2026/03/10 - 20:16:00 | 200 |   1.19ms |             ::1 | GET      "/api/auth/users"
[GIN] 2026/03/10 - 20:16:00 | 200 |   1.87ms |             ::1 | GET      "/api/db/receivables"
[GIN] 2026/03/10 - 20:16:35 | 200 |    2.7ms |             ::1 | GET      "/api/db/enterprises"
[GIN] 2026/03/10 - 20:16:35 | 200 |   2.99ms |             ::1 | GET      "/api/db/receivables"
[GIN] 2026/03/10 - 20:16:35 | 200 |  38.39ms |             ::1 | GET      "/api/db/documents"
[GIN] 2026/03/10 - 20:16:35 | 200 |   1.99ms |             ::1 | GET      "/api/db/enterprises"
[GIN] 2026/03/10 - 20:16:35 | 200 |  997.9µs |             ::1 | GET      "/api/db/receivables"
[GIN] 2026/03/10 - 20:16:35 | 200 |   5.99ms |             ::1 | GET      "/api/db/documents"
[GIN] 2026/03/10 - 20:16:35 | 200 |  999.9µs |             ::1 | GET      "/api/auth/users"
[GIN] 2026/03/10 - 20:16:35 | 200 |   2.96ms |             ::1 | GET      "/api/db/receivables"
[GIN] 2026/03/10 - 20:17:29 | 200 |   1.99ms |             ::1 | GET      "/api/db/enterprises"
[GIN] 2026/03/10 - 20:17:29 | 200 |   2.05ms |             ::1 | GET      "/api/db/receivables"
[GIN] 2026/03/10 - 20:17:29 | 200 |   1.52ms |             ::1 | GET      "/api/db/documents"
[GIN] 2026/03/10 - 20:17:29 | 200 |   4.05ms |             ::1 | GET      "/api/db/dashboard/overview"
[GIN] 2026/03/10 - 20:17:29 | 200 | 124.68ms |             ::1 | GET      "/api/chain/stats"
[GIN] 2026/03/10 - 20:17:31 | 200 |   1.48ms |             ::1 | GET      "/api/db/enterprises"
[GIN] 2026/03/10 - 20:17:31 | 200 |    676µs |             ::1 | GET      "/api/db/documents"
[GIN] 2026/03/10 - 20:17:31 | 200 |   2.02ms |             ::1 | GET      "/api/db/receivables"
[GIN] 2026/03/10 - 20:17:31 | 200 |  568.5µs |             ::1 | GET      "/api/auth/users"
[GIN] 2026/03/10 - 20:17:31 | 200 |   1.16ms |             ::1 | GET      "/api/db/receivables"
[GIN] 2026/03/10 - 20:17:33 | 200 |   1.99ms |             ::1 | GET      "/api/db/enterprises"
[GIN] 2026/03/10 - 20:17:33 | 200 |   2.67ms |             ::1 | GET      "/api/db/receivables"
[GIN] 2026/03/10 - 20:17:33 | 200 |   3.65ms |             ::1 | GET      "/api/db/documents"
[GIN] 2026/03/10 - 20:17:33 | 200 |   1.23ms |             ::1 | GET      "/api/db/receivables"
[GIN] 2026/03/10 - 20:17:34 | 200 |   1.46ms |             ::1 | GET      "/api/db/enterprises"
[GIN] 2026/03/10 - 20:17:34 | 200 |   1.41ms |             ::1 | GET      "/api/db/receivables"
[GIN] 2026/03/10 - 20:17:34 | 200 |   1.79ms |             ::1 | GET      "/api/db/documents"
[GIN] 2026/03/10 - 20:17:34 | 200 |   2.42ms |             ::1 | GET      "/api/db/documents"
[GIN] 2026/03/10 - 20:17:34 | 200 |   2.56ms |             ::1 | GET      "/api/db/enterprises"
[GIN] 2026/03/10 - 20:17:34 | 200 |   3.44ms |             ::1 | GET      "/api/db/receivables"
[GIN] 2026/03/10 - 20:17:34 | 200 |  30.68ms |             ::1 | GET      "/api/db/documents"
[GIN] 2026/03/10 - 20:17:49 | 200 |    3.37s |             ::1 | POST     "/api/ai/chat"
[GIN] 2026/03/10 - 20:18:19 | 200 |    5.89s |             ::1 | POST     "/api/ai/chat"
[GIN] 2026/03/10 - 20:19:35 | 200 |    2.54s |             ::1 | POST     "/api/ai/chat"
[GIN] 2026/03/10 - 20:19:53 | 200 |    1.28s |             ::1 | POST     "/api/ai/chat"
[GIN] 2026/03/10 - 20:19:59 | 200 |    1.88s |             ::1 | POST     "/api/ai/chat"
[GIN] 2026/03/10 - 20:20:39 | 200 |   15.26s |             ::1 | POST     "/api/ai/chat"
[GIN] 2026/03/10 - 20:20:56 | 200 |   12.19s |             ::1 | POST     "/api/ai/chat"
[GIN] 2026/03/10 - 20:23:02 | 200 |   14.65s |             ::1 | POST     "/api/ai/chat"
[GIN] 2026/03/10 - 20:23:18 | 200 |    2.33s |             ::1 | POST     "/api/ai/chat"
[GIN] 2026/03/10 - 20:23:42 | 200 |     2.3s |             ::1 | POST     "/api/ai/chat"
[GIN] 2026/03/10 - 20:23:59 | 200 |   13.39s |             ::1 | POST     "/api/ai/chat"
[GIN] 2026/03/10 - 20:24:18 | 200 |    9.91s |             ::1 | POST     "/api/ai/chat"
[GIN] 2026/03/10 - 20:24:53 | 200 |   2.09ms |             ::1 | GET      "/api/db/receivables"
[GIN] 2026/03/10 - 20:24:53 | 200 |   3.06ms |             ::1 | GET      "/api/db/enterprises"
[GIN] 2026/03/10 - 20:24:53 | 200 |  10.07ms |             ::1 | GET      "/api/db/documents"
[GIN] 2026/03/10 - 20:24:53 | 200 |   2.29ms |             ::1 | GET      "/api/db/dashboard/overview"
[GIN] 2026/03/10 - 20:24:53 | 200 | 380.39ms |             ::1 | GET      "/api/chain/stats"
[GIN] 2026/03/10 - 20:24:55 | 200 |   3.59ms |             ::1 | GET      "/api/db/enterprises"
[GIN] 2026/03/10 - 20:24:55 | 200 |   1.56ms |             ::1 | GET      "/api/db/receivables"
[GIN] 2026/03/10 - 20:24:55 | 200 |   1.56ms |             ::1 | GET      "/api/db/documents"
[GIN] 2026/03/10 - 20:24:55 | 200 |  621.7µs |             ::1 | GET      "/api/auth/users"
[GIN] 2026/03/10 - 20:24:55 | 200 |   1.97ms |             ::1 | GET      "/api/db/receivables"
[GIN] 2026/03/10 - 20:24:57 | 200 |    2.8ms |             ::1 | GET      "/api/db/enterprises"
[GIN] 2026/03/10 - 20:24:57 | 200 |   1.33ms |             ::1 | GET      "/api/db/receivables"
[GIN] 2026/03/10 - 20:24:57 | 200 |   1.99ms |             ::1 | GET      "/api/db/documents"
[GIN] 2026/03/10 - 20:24:57 | 200 |    1.4ms |             ::1 | GET      "/api/db/documents"
[GIN] 2026/03/10 - 20:24:58 | 200 |   2.63ms |             ::1 | GET      "/api/db/enterprises"
[GIN] 2026/03/10 - 20:24:58 | 200 |   1.38ms |             ::1 | GET      "/api/db/documents"
[GIN] 2026/03/10 - 20:24:58 | 200 |   2.47ms |             ::1 | GET      "/api/db/receivables"
[GIN] 2026/03/10 - 20:25:03 | 200 |    9.4ms |             ::1 | GET      "/api/db/enterprises"
[GIN] 2026/03/10 - 20:25:03 | 200 |  27.66ms |             ::1 | GET      "/api/db/receivables"
[GIN] 2026/03/10 - 20:25:03 | 200 |  19.39ms |             ::1 | GET      "/api/db/documents"
[GIN] 2026/03/10 - 20:25:03 | 200 |   1.24ms |             ::1 | GET      "/api/auth/users"
[GIN] 2026/03/10 - 20:25:03 | 200 |   1.42ms |             ::1 | GET      "/api/db/receivables"
[GIN] 2026/03/10 - 20:25:04 | 200 |   1.17ms |             ::1 | GET      "/api/db/enterprises"
[GIN] 2026/03/10 - 20:25:04 | 200 |   1.81ms |             ::1 | GET      "/api/db/receivables"
[GIN] 2026/03/10 - 20:25:04 | 200 |   3.78ms |             ::1 | GET      "/api/db/documents"
[GIN] 2026/03/10 - 20:25:04 | 200 |   1.35ms |             ::1 | GET      "/api/db/receivables"
[GIN] 2026/03/10 - 20:25:05 | 200 |   2.57ms |             ::1 | GET      "/api/db/enterprises"
[GIN] 2026/03/10 - 20:25:05 | 200 |   3.29ms |             ::1 | GET      "/api/db/receivables"
[GIN] 2026/03/10 - 20:25:05 | 200 |   3.72ms |             ::1 | GET      "/api/db/documents"
[GIN] 2026/03/10 - 20:25:05 | 200 |    1.3ms |             ::1 | GET      "/api/auth/users"
[GIN] 2026/03/10 - 20:25:05 | 200 |   6.27ms |             ::1 | GET      "/api/db/receivables"
[GIN] 2026/03/10 - 21:10:21 | 200 |      2ms |             ::1 | GET      "/api/db/enterprises"
[GIN] 2026/03/10 - 21:10:21 | 200 |   2.66ms |             ::1 | GET      "/api/db/receivables"
[GIN] 2026/03/10 - 21:10:21 | 200 |   1.43ms |             ::1 | GET      "/api/db/documents"
[GIN] 2026/03/10 - 21:10:21 | 200 |   1.21ms |             ::1 | GET      "/api/db/receivables"
[GIN] 2026/03/10 - 21:10:22 | 200 |   1.34ms |             ::1 | GET      "/api/db/enterprises"
[GIN] 2026/03/10 - 21:10:22 | 200 |   1.26ms |             ::1 | GET      "/api/db/receivables"
[GIN] 2026/03/10 - 21:10:22 | 200 |   1.44ms |             ::1 | GET      "/api/db/documents"
[GIN] 2026/03/10 - 21:10:22 | 200 |   1.19ms |             ::1 | GET      "/api/auth/users"
[GIN] 2026/03/10 - 21:10:22 | 200 |    2.4ms |             ::1 | GET      "/api/db/receivables"
[GIN] 2026/03/10 - 21:10:23 | 200 |   1.36ms |             ::1 | GET      "/api/db/enterprises"
[GIN] 2026/03/10 - 21:10:23 | 200 |  997.6µs |             ::1 | GET      "/api/db/documents"
[GIN] 2026/03/10 - 21:10:23 | 200 |   2.08ms |             ::1 | GET      "/api/db/receivables"
[GIN] 2026/03/10 - 21:10:23 | 200 |   4.19ms |             ::1 | GET      "/api/db/dashboard/overview"
[GIN] 2026/03/10 - 21:10:23 | 200 | 132.44ms |             ::1 | GET      "/api/chain/stats"
[GIN] 2026/03/10 - 21:14:12 | 200 |   3.01ms |             ::1 | GET      "/api/db/enterprises"
[GIN] 2026/03/10 - 21:14:12 | 200 |   1.38ms |             ::1 | GET      "/api/db/receivables"
[GIN] 2026/03/10 - 21:14:12 | 200 |   3.17ms |             ::1 | GET      "/api/db/documents"
[GIN] 2026/03/10 - 21:14:12 | 200 |  576.8µs |             ::1 | GET      "/api/auth/users"
[GIN] 2026/03/10 - 21:14:12 | 200 |   1.75ms |             ::1 | GET      "/api/db/receivables"
[GIN] 2026/03/10 - 21:14:13 | 200 |  563.8µs |             ::1 | GET      "/api/db/enterprises"
[GIN] 2026/03/10 - 21:14:13 | 200 |   2.12ms |             ::1 | GET      "/api/db/receivables"
[GIN] 2026/03/10 - 21:14:13 | 200 |  942.8µs |             ::1 | GET      "/api/db/documents"
[GIN] 2026/03/10 - 21:14:13 | 200 |   3.23ms |             ::1 | GET      "/api/db/dashboard/overview"
[GIN] 2026/03/10 - 21:14:13 | 200 |    128ms |             ::1 | GET      "/api/chain/stats"
[GIN] 2026/03/10 - 21:14:16 | 200 |   2.01ms |             ::1 | GET      "/api/db/receivables"
[GIN] 2026/03/10 - 21:14:16 | 200 |   2.01ms |             ::1 | GET      "/api/db/enterprises"
[GIN] 2026/03/10 - 21:14:16 | 200 |  24.87ms |             ::1 | GET      "/api/db/documents"
[GIN] 2026/03/10 - 21:14:16 | 200 |   1.09ms |             ::1 | GET      "/api/db/receivables"
[GIN] 2026/03/10 - 21:14:16 | 200 |  869.4µs |             ::1 | GET      "/api/db/enterprises"
[GIN] 2026/03/10 - 21:14:16 | 200 |   1.28ms |             ::1 | GET      "/api/db/receivables"
[GIN] 2026/03/10 - 21:14:16 | 200 |   1.19ms |             ::1 | GET      "/api/db/documents"
[GIN] 2026/03/10 - 21:14:16 | 200 |   1.29ms |             ::1 | GET      "/api/db/documents"
[GIN] 2026/03/10 - 21:14:17 | 200 |    1.7ms |             ::1 | GET      "/api/db/enterprises"
[GIN] 2026/03/10 - 21:14:17 | 200 |   1.24ms |             ::1 | GET      "/api/db/receivables"
[GIN] 2026/03/10 - 21:14:17 | 200 |   6.12ms |             ::1 | GET      "/api/db/documents"
[GIN] 2026/03/10 - 21:14:18 | 200 |   1.39ms |             ::1 | GET      "/api/db/enterprises"
[GIN] 2026/03/10 - 21:14:18 | 200 |      2ms |             ::1 | GET      "/api/db/receivables"
[GIN] 2026/03/10 - 21:14:18 | 200 |   2.99ms |             ::1 | GET      "/api/db/documents"
[GIN] 2026/03/10 - 21:14:18 | 200 |  884.4µs |             ::1 | GET      "/api/db/documents"
[GIN] 2026/03/10 - 21:25:33 | 200 |    1.2ms |             ::1 | GET      "/api/db/enterprises"
[GIN] 2026/03/10 - 21:25:33 | 200 |   1.23ms |             ::1 | GET      "/api/db/receivables"
[GIN] 2026/03/10 - 21:25:33 | 200 |   1.24ms |             ::1 | GET      "/api/db/documents"
[GIN] 2026/03/10 - 21:25:45 | 200 |     1.4s |             ::1 | POST     "/api/auth/login"
[GIN] 2026/03/10 - 21:25:45 | 200 |   1.21ms |             ::1 | GET      "/api/db/enterprises"
[GIN] 2026/03/10 - 21:25:45 | 200 |   1.33ms |             ::1 | GET      "/api/db/receivables"
[GIN] 2026/03/10 - 21:25:45 | 200 |   3.93ms |             ::1 | GET      "/api/db/documents"
[GIN] 2026/03/10 - 21:25:45 | 200 |   1.46ms |             ::1 | GET      "/api/db/receivables"
[GIN] 2026/03/10 - 21:25:56 | 200 |   1.42ms |             ::1 | GET      "/api/db/enterprises"
[GIN] 2026/03/10 - 21:25:56 | 200 |    1.5ms |             ::1 | GET      "/api/db/receivables"
[GIN] 2026/03/10 - 21:25:56 | 200 |   1.16ms |             ::1 | GET      "/api/db/documents"
[GIN] 2026/03/10 - 21:25:56 | 200 |   1.31ms |             ::1 | GET      "/api/db/receivables"
[GIN] 2026/03/10 - 21:26:05 | 200 |    1.4ms |             ::1 | GET      "/api/db/enterprises"
[GIN] 2026/03/10 - 21:26:05 | 200 |   1.17ms |             ::1 | GET      "/api/db/receivables"
[GIN] 2026/03/10 - 21:26:05 | 200 |   1.21ms |             ::1 | GET      "/api/db/documents"
[GIN] 2026/03/10 - 21:26:05 | 200 |   1.34ms |             ::1 | GET      "/api/db/receivables"
[GIN] 2026/03/10 - 21:26:06 | 200 |   1.42ms |             ::1 | GET      "/api/db/enterprises"
[GIN] 2026/03/10 - 21:26:06 | 200 |   1.18ms |             ::1 | GET      "/api/db/documents"
[GIN] 2026/03/10 - 21:26:06 | 200 |   1.18ms |             ::1 | GET      "/api/db/receivables"
[GIN] 2026/03/10 - 21:26:19 | 200 |    3.16s |             ::1 | POST     "/api/ai/chat"
[GIN] 2026/03/10 - 21:26:46 | 200 |   24.94s |             ::1 | POST     "/api/ai/chat"
[GIN] 2026/03/10 - 21:52:07 | 200 |   2.27ms |             ::1 | GET      "/api/db/enterprises"
[GIN] 2026/03/10 - 21:52:07 | 200 |   1.47ms |             ::1 | GET      "/api/db/receivables"
[GIN] 2026/03/10 - 21:52:07 | 200 |  651.1µs |             ::1 | GET      "/api/db/documents"
[GIN] 2026/03/10 - 21:52:08 | 200 |  542.6µs |             ::1 | GET      "/api/db/receivables"
[GIN] 2026/03/10 - 21:52:17 | 200 |   2.13ms |             ::1 | GET      "/api/db/enterprises"
[GIN] 2026/03/10 - 21:52:17 | 200 |   1.12ms |             ::1 | GET      "/api/db/receivables"
[GIN] 2026/03/10 - 21:52:17 | 200 |   1.12ms |             ::1 | GET      "/api/db/documents"
[GIN] 2026/03/10 - 21:52:18 | 200 |   4.53ms |             ::1 | GET      "/api/db/dashboard/overview"
[GIN] 2026/03/10 - 21:52:18 | 200 | 457.43ms |             ::1 | GET      "/api/chain/stats"
[GIN] 2026/03/10 - 21:52:24 | 200 |  720.4µs |             ::1 | GET      "/api/db/enterprises"
[GIN] 2026/03/10 - 21:52:24 | 200 |   1.15ms |             ::1 | GET      "/api/db/receivables"
[GIN] 2026/03/10 - 21:52:24 | 200 |   1.15ms |             ::1 | GET      "/api/db/documents"
[GIN] 2026/03/10 - 21:52:24 | 200 |   2.34ms |             ::1 | GET      "/api/db/receivables"
[GIN] 2026/03/10 - 21:52:25 | 200 |   1.73ms |             ::1 | GET      "/api/db/enterprises"
[GIN] 2026/03/10 - 21:52:25 | 200 |   1.32ms |             ::1 | GET      "/api/db/receivables"
[GIN] 2026/03/10 - 21:52:25 | 200 |    2.4ms |             ::1 | GET      "/api/db/documents"
[GIN] 2026/03/10 - 21:52:25 | 200 |      3ms |             ::1 | GET      "/api/db/dashboard/overview"
[GIN] 2026/03/10 - 21:52:25 | 200 |  122.5ms |             ::1 | GET      "/api/chain/stats"
[GIN] 2026/03/10 - 21:52:28 | 200 |   1.31ms |             ::1 | GET      "/api/db/enterprises"
[GIN] 2026/03/10 - 21:52:28 | 200 |   1.18ms |             ::1 | GET      "/api/db/documents"
[GIN] 2026/03/10 - 21:52:28 | 200 |   1.18ms |             ::1 | GET      "/api/db/receivables"
[GIN] 2026/03/10 - 21:52:28 | 200 |   1.34ms |             ::1 | GET      "/api/db/receivables"
[GIN] 2026/03/10 - 21:52:30 | 200 |   1.37ms |             ::1 | GET      "/api/db/enterprises"
[GIN] 2026/03/10 - 21:52:30 | 200 |  669.4µs |             ::1 | GET      "/api/db/documents"
[GIN] 2026/03/10 - 21:52:30 | 200 |   1.21ms |             ::1 | GET      "/api/db/receivables"
[GIN] 2026/03/10 - 21:52:30 | 200 |  721.3µs |             ::1 | GET      "/api/db/receivables"
[GIN] 2026/03/10 - 21:52:32 | 200 |   1.01ms |             ::1 | GET      "/api/db/enterprises"
[GIN] 2026/03/10 - 21:52:32 | 200 |  646.9µs |             ::1 | GET      "/api/db/documents"
[GIN] 2026/03/10 - 21:52:32 | 200 |  646.9µs |             ::1 | GET      "/api/db/receivables"
[GIN] 2026/03/10 - 21:52:33 | 200 |    1.4ms |             ::1 | GET      "/api/db/enterprises"
[GIN] 2026/03/10 - 21:52:33 | 200 |  701.4µs |             ::1 | GET      "/api/db/receivables"
[GIN] 2026/03/10 - 21:52:33 | 200 |   1.27ms |             ::1 | GET      "/api/db/documents"
[GIN] 2026/03/10 - 21:52:33 | 200 |   1.05ms |             ::1 | GET      "/api/db/receivables"
[GIN] 2026/03/10 - 21:52:33 | 200 |   1.17ms |             ::1 | GET      "/api/db/enterprises"
[GIN] 2026/03/10 - 21:52:34 | 200 |    1.3ms |             ::1 | GET      "/api/db/receivables"
[GIN] 2026/03/10 - 21:52:34 | 200 |    1.3ms |             ::1 | GET      "/api/db/documents"
[GIN] 2026/03/10 - 21:52:34 | 200 |   4.49ms |             ::1 | GET      "/api/db/dashboard/overview"
[GIN] 2026/03/10 - 21:52:34 | 200 | 134.28ms |             ::1 | GET      "/api/chain/stats"
[GIN] 2026/03/10 - 21:52:35 | 200 |    1.1ms |             ::1 | GET      "/api/db/enterprises"
[GIN] 2026/03/10 - 21:52:35 | 200 |  831.3µs |             ::1 | GET      "/api/db/documents"
[GIN] 2026/03/10 - 21:52:35 | 200 |    1.4ms |             ::1 | GET      "/api/db/receivables"
[GIN] 2026/03/10 - 21:52:35 | 200 |   1.67ms |             ::1 | GET      "/api/db/receivables"
[GIN] 2026/03/10 - 21:52:36 | 200 |   1.87ms |             ::1 | GET      "/api/db/enterprises"
[GIN] 2026/03/10 - 21:52:36 | 200 |   1.19ms |             ::1 | GET      "/api/db/receivables"
[GIN] 2026/03/10 - 21:52:36 | 200 |    2.9ms |             ::1 | GET      "/api/db/documents"
[GIN] 2026/03/10 - 21:52:36 | 200 |  608.3µs |             ::1 | GET      "/api/db/receivables"
[GIN] 2026/03/10 - 21:52:37 | 200 |    887µs |             ::1 | GET      "/api/db/enterprises"
[GIN] 2026/03/10 - 21:52:37 | 200 |  641.9µs |             ::1 | GET      "/api/db/receivables"
[GIN] 2026/03/10 - 21:52:37 | 200 |  575.6µs |             ::1 | GET      "/api/db/documents"
[GIN] 2026/03/10 - 21:52:37 | 200 |   1.14ms |             ::1 | GET      "/api/db/receivables"
[GIN] 2026/03/10 - 21:52:45 | 200 |   1.76ms |             ::1 | GET      "/api/db/enterprises"
[GIN] 2026/03/10 - 21:52:45 | 200 |  568.8µs |             ::1 | GET      "/api/db/receivables"
[GIN] 2026/03/10 - 21:52:45 | 200 |  568.8µs |             ::1 | GET      "/api/db/documents"
[GIN] 2026/03/10 - 21:52:45 | 200 |  776.1µs |             ::1 | GET      "/api/db/receivables"
[GIN] 2026/03/10 - 21:52:46 | 200 |   1.84ms |             ::1 | GET      "/api/db/enterprises"
[GIN] 2026/03/10 - 21:52:46 | 200 |  999.9µs |             ::1 | GET      "/api/db/receivables"
[GIN] 2026/03/10 - 21:52:46 | 200 |  999.9µs |             ::1 | GET      "/api/db/documents"
[GIN] 2026/03/10 - 21:52:46 | 200 |    592µs |             ::1 | GET      "/api/db/receivables"
[GIN] 2026/03/10 - 21:54:33 | 200 |  720.2µs |             ::1 | GET      "/api/db/enterprises"
[GIN] 2026/03/10 - 21:54:33 | 200 |   1.42ms |             ::1 | GET      "/api/db/documents"
[GIN] 2026/03/10 - 21:54:33 | 200 |   1.42ms |             ::1 | GET      "/api/db/receivables"
[GIN] 2026/03/10 - 21:54:33 | 200 |    581µs |             ::1 | GET      "/api/db/receivables"
[GIN] 2026/03/10 - 21:59:48 | 200 |   1.44ms |             ::1 | GET      "/api/db/receivables"
[GIN] 2026/03/10 - 21:59:52 | 200 |    5.9ms |             ::1 | GET      "/api/db/receivables"
[GIN] 2026/03/10 - 22:00:56 | 200 |   1.11ms |             ::1 | GET      "/api/db/enterprises"
[GIN] 2026/03/10 - 22:00:56 | 200 |   1.05ms |             ::1 | GET      "/api/db/receivables"
[GIN] 2026/03/10 - 22:00:56 | 200 |   1.46ms |             ::1 | GET      "/api/db/documents"
[GIN] 2026/03/10 - 22:00:56 | 200 |  676.1µs |             ::1 | GET      "/api/db/receivables"
[GIN] 2026/03/10 - 22:00:58 | 200 |  649.4µs |             ::1 | GET      "/api/db/enterprises"
[GIN] 2026/03/10 - 22:00:58 | 200 |  596.6µs |             ::1 | GET      "/api/db/documents"
[GIN] 2026/03/10 - 22:00:58 | 200 |  596.6µs |             ::1 | GET      "/api/db/receivables"
[GIN] 2026/03/10 - 22:01:33 | 200 |   24.25s |             ::1 | POST     "/api/ai/chat"
[GIN] 2026/03/10 - 22:02:06 | 200 |   22.22s |             ::1 | POST     "/api/ai/chat"
[GIN] 2026/03/10 - 22:02:13 | 200 |    1.2ms |             ::1 | GET      "/api/db/enterprises"
[GIN] 2026/03/10 - 22:02:13 | 200 |  672.1µs |             ::1 | GET      "/api/db/documents"
[GIN] 2026/03/10 - 22:02:13 | 200 |   1.18ms |             ::1 | GET      "/api/db/receivables"
[GIN] 2026/03/10 - 22:02:13 | 200 |  562.9µs |             ::1 | GET      "/api/db/receivables"
[GIN] 2026/03/10 - 22:02:14 | 200 |  735.8µs |             ::1 | GET      "/api/db/enterprises"
[GIN] 2026/03/10 - 22:02:14 | 200 |   1.25ms |             ::1 | GET      "/api/db/receivables"
[GIN] 2026/03/10 - 22:02:14 | 200 |   1.25ms |             ::1 | GET      "/api/db/documents"
[GIN] 2026/03/10 - 22:02:14 | 200 |  609.7µs |             ::1 | GET      "/api/db/receivables"
[GIN] 2026/03/10 - 22:02:15 | 200 |  729.1µs |             ::1 | GET      "/api/db/enterprises"
[GIN] 2026/03/10 - 22:02:15 | 200 |   1.63ms |             ::1 | GET      "/api/db/documents"
[GIN] 2026/03/10 - 22:02:15 | 200 |   2.25ms |             ::1 | GET      "/api/db/receivables"
[GIN] 2026/03/10 - 22:02:15 | 200 |   2.15ms |             ::1 | GET      "/api/db/dashboard/overview"
[GIN] 2026/03/10 - 22:02:16 | 200 | 390.75ms |             ::1 | GET      "/api/chain/stats"
[GIN] 2026/03/10 - 22:02:16 | 200 |   1.26ms |             ::1 | GET      "/api/db/enterprises"
[GIN] 2026/03/10 - 22:02:16 | 200 |   1.27ms |             ::1 | GET      "/api/db/receivables"
[GIN] 2026/03/10 - 22:02:16 | 200 |   1.32ms |             ::1 | GET      "/api/db/documents"
[GIN] 2026/03/10 - 22:02:16 | 200 |    566µs |             ::1 | GET      "/api/db/receivables"
[GIN] 2026/03/10 - 22:02:17 | 200 |   1.52ms |             ::1 | GET      "/api/db/enterprises"
[GIN] 2026/03/10 - 22:02:17 | 200 |   1.05ms |             ::1 | GET      "/api/db/receivables"
[GIN] 2026/03/10 - 22:02:17 | 200 |   1.05ms |             ::1 | GET      "/api/db/documents"
[GIN] 2026/03/10 - 22:02:17 | 200 |  791.5µs |             ::1 | GET      "/api/db/receivables"
[GIN] 2026/03/10 - 22:02:18 | 200 |       0s |             ::1 | GET      "/api/db/enterprises"
[GIN] 2026/03/10 - 22:02:18 | 200 |  664.6µs |             ::1 | GET      "/api/db/documents"
[GIN] 2026/03/10 - 22:02:18 | 200 |  664.6µs |             ::1 | GET      "/api/db/receivables"
[GIN] 2026/03/10 - 22:02:18 | 200 |   1.37ms |             ::1 | GET      "/api/db/receivables"
[GIN] 2026/03/10 - 22:04:20 | 200 | 518.04ms |             ::1 | POST     "/api/auth/login"
[GIN] 2026/03/10 - 22:04:22 | 200 |  617.3µs |             ::1 | GET      "/api/db/receivables"
[GIN] 2026/03/10 - 22:04:22 | 200 |   2.28ms |             ::1 | GET      "/api/db/dashboard/overview"
[GIN] 2026/03/10 - 22:04:22 | 200 |   9.89ms |             ::1 | GET      "/api/db/documents"
[GIN] 2026/03/10 - 22:04:22 | 200 |   9.89ms |             ::1 | GET      "/api/db/enterprises"
[GIN] 2026/03/10 - 22:04:23 | 200 | 350.16ms |             ::1 | GET      "/api/chain/stats"
[GIN] 2026/03/10 - 22:05:02 | 200 |   1.06ms |             ::1 | GET      "/api/db/enterprises"
[GIN] 2026/03/10 - 22:05:02 | 200 |  695.8µs |             ::1 | GET      "/api/db/receivables"
[GIN] 2026/03/10 - 22:05:02 | 200 |   1.21ms |             ::1 | GET      "/api/db/documents"
[GIN] 2026/03/10 - 22:05:03 | 200 |  564.1µs |             ::1 | GET      "/workflow/public/stats"
[GIN] 2026/03/10 - 22:05:03 | 200 |   1.17ms |             ::1 | GET      "/api/tx-logs?limit=100"
[GIN] 2026/03/10 - 22:05:08 | 200 |  549.4µs |             ::1 | GET      "/api/db/enterprises"
[GIN] 2026/03/10 - 22:05:08 | 200 |  562.9µs |             ::1 | GET      "/api/db/receivables"
[GIN] 2026/03/10 - 22:05:08 | 200 |  562.9µs |             ::1 | GET      "/api/db/documents"
[GIN] 2026/03/10 - 22:05:09 | 200 |  546.4µs |             ::1 | GET      "/api/auth/users"
[GIN] 2026/03/10 - 22:05:09 | 200 |   1.03ms |             ::1 | GET      "/api/db/enterprises"
[GIN] 2026/03/10 - 22:05:09 | 200 | 661.89ms |             ::1 | GET      "/api/chain/stats"
[GIN] 2026/03/10 - 22:05:22 | 200 |  649.5µs |             ::1 | GET      "/api/db/enterprises"
[GIN] 2026/03/10 - 22:05:22 | 200 |  649.9µs |             ::1 | GET      "/api/db/receivables"
[GIN] 2026/03/10 - 22:05:22 | 200 |  649.9µs |             ::1 | GET      "/api/db/documents"
[GIN] 2026/03/10 - 22:05:22 | 200 |  564.6µs |             ::1 | GET      "/api/db/documents"
[GIN] 2026/03/10 - 22:05:24 | 200 |   1.15ms |             ::1 | GET      "/api/db/enterprises"
[GIN] 2026/03/10 - 22:05:24 | 200 |   1.08ms |             ::1 | GET      "/api/db/receivables"
[GIN] 2026/03/10 - 22:05:24 | 200 |    2.1ms |             ::1 | GET      "/api/db/documents"
[GIN] 2026/03/10 - 22:05:28 | 200 |   1.13ms |             ::1 | GET      "/api/db/enterprises"
[GIN] 2026/03/10 - 22:05:28 | 200 |  814.4µs |             ::1 | GET      "/api/db/receivables"
[GIN] 2026/03/10 - 22:05:28 | 200 |   1.33ms |             ::1 | GET      "/api/db/documents"
[GIN] 2026/03/10 - 22:05:29 | 200 |       0s |             ::1 | GET      "/workflow/public/stats"
[GIN] 2026/03/10 - 22:05:29 | 200 |    566µs |             ::1 | GET      "/api/tx-logs?limit=100"
[GIN] 2026/03/10 - 22:05:31 | 200 |  670.3µs |             ::1 | GET      "/api/db/enterprises"
[GIN] 2026/03/10 - 22:05:31 | 200 |  696.2µs |             ::1 | GET      "/api/db/documents"
[GIN] 2026/03/10 - 22:05:31 | 200 |  696.2µs |             ::1 | GET      "/api/db/receivables"
[GIN] 2026/03/10 - 22:05:31 | 200 |  554.3µs |             ::1 | GET      "/api/auth/users"
[GIN] 2026/03/10 - 22:05:31 | 200 |  554.3µs |             ::1 | GET      "/api/db/enterprises"
[GIN] 2026/03/10 - 22:05:31 | 200 |   1.26ms |             ::1 | GET      "/api/db/enterprises"
[GIN] 2026/03/10 - 22:05:31 | 200 |  585.7µs |             ::1 | GET      "/api/db/documents"
[GIN] 2026/03/10 - 22:05:31 | 200 |    1.1ms |             ::1 | GET      "/api/db/receivables"
[GIN] 2026/03/10 - 22:05:31 | 200 |  102.1ms |             ::1 | GET      "/api/chain/stats"
[GIN] 2026/03/10 - 22:05:31 | 200 |  799.1µs |             ::1 | GET      "/api/db/documents"
[GIN] 2026/03/10 - 22:05:51 | 200 |  641.9µs |             ::1 | GET      "/api/db/enterprises"
[GIN] 2026/03/10 - 22:05:51 | 200 |    556µs |             ::1 | GET      "/api/db/receivables"
[GIN] 2026/03/10 - 22:05:51 | 200 |    556µs |             ::1 | GET      "/api/db/documents"
[GIN] 2026/03/10 - 22:05:51 | 200 |  562.5µs |             ::1 | GET      "/workflow/public/stats"
[GIN] 2026/03/10 - 22:05:51 | 200 |    564µs |             ::1 | GET      "/api/tx-logs?limit=100"
[GIN] 2026/03/10 - 22:09:08 | 200 |   1.25ms |             ::1 | GET      "/api/db/enterprises"
[GIN] 2026/03/10 - 22:09:08 | 200 |   1.36ms |             ::1 | GET      "/api/db/receivables"
[GIN] 2026/03/10 - 22:09:08 | 200 |   1.36ms |             ::1 | GET      "/api/db/documents"
[GIN] 2026/03/10 - 22:09:08 | 200 |   1.23ms |             ::1 | GET      "/api/db/documents"
[GIN] 2026/03/10 - 22:09:20 | 200 |  639.2µs |             ::1 | GET      "/api/db/enterprises"
[GIN] 2026/03/10 - 22:09:20 | 200 |   1.42ms |             ::1 | GET      "/api/db/receivables"
[GIN] 2026/03/10 - 22:09:20 | 200 |   2.38ms |             ::1 | GET      "/api/db/documents"
[GIN] 2026/03/10 - 22:09:20 | 200 |  755.1µs |             ::1 | GET      "/api/db/receivables"
[GIN] 2026/03/10 - 22:09:27 | 200 |   1.44ms |             ::1 | GET      "/api/db/enterprises"
[GIN] 2026/03/10 - 22:09:27 | 200 |  548.9µs |             ::1 | GET      "/api/db/documents"
[GIN] 2026/03/10 - 22:09:27 | 200 |   1.08ms |             ::1 | GET      "/api/db/receivables"
[GIN] 2026/03/10 - 22:09:37 | 200 |   1.78ms |             ::1 | GET      "/api/db/enterprises"
[GIN] 2026/03/10 - 22:09:37 | 200 |   1.36ms |             ::1 | GET      "/api/db/receivables"
[GIN] 2026/03/10 - 22:09:37 | 200 |  732.5µs |             ::1 | GET      "/api/db/documents"
[GIN] 2026/03/10 - 22:09:37 | 200 |  556.2µs |             ::1 | GET      "/api/auth/users"
[GIN] 2026/03/10 - 22:09:37 | 200 |   1.06ms |             ::1 | GET      "/api/db/enterprises"
[GIN] 2026/03/10 - 22:09:37 | 200 |    108ms |             ::1 | GET      "/api/chain/stats"
[GIN] 2026/03/10 - 22:14:14 | 200 |   1.18ms |             ::1 | GET      "/api/db/enterprises"
[GIN] 2026/03/10 - 22:14:14 | 200 |   1.18ms |             ::1 | GET      "/api/db/receivables"
[GIN] 2026/03/10 - 22:14:14 | 200 |   1.44ms |             ::1 | GET      "/api/db/documents"
[GIN] 2026/03/10 - 22:14:14 | 200 |   2.68ms |             ::1 | GET      "/api/db/enterprises"
[GIN] 2026/03/10 - 22:14:14 | 200 |   2.68ms |             ::1 | GET      "/api/db/receivables"
[GIN] 2026/03/10 - 22:14:14 | 200 |  17.26ms |             ::1 | GET      "/api/db/documents"
[GIN] 2026/03/10 - 22:14:18 | 200 |   1.08ms |             ::1 | GET      "/api/db/enterprises"
[GIN] 2026/03/10 - 22:14:18 | 200 |   1.14ms |             ::1 | GET      "/api/db/documents"
[GIN] 2026/03/10 - 22:14:18 | 200 |   5.56ms |             ::1 | GET      "/api/db/receivables"
[GIN] 2026/03/10 - 22:14:18 | 200 |  604.7µs |             ::1 | GET      "/api/db/documents"
[GIN] 2026/03/10 - 22:14:18 | 200 |    553µs |             ::1 | GET      "/api/db/receivables"
[GIN] 2026/03/10 - 22:14:39 | 200 |  700.9µs |             ::1 | GET      "/api/db/enterprises"
[GIN] 2026/03/10 - 22:14:39 | 200 |  598.2µs |             ::1 | GET      "/api/db/documents"
[GIN] 2026/03/10 - 22:14:39 | 200 |  598.2µs |             ::1 | GET      "/api/db/receivables"
[GIN] 2026/03/10 - 22:14:39 | 200 |  570.4µs |             ::1 | GET      "/api/db/enterprises"
[GIN] 2026/03/10 - 22:14:39 | 200 |   1.08ms |             ::1 | GET      "/api/auth/users"
[GIN] 2026/03/10 - 22:14:39 | 200 | 347.57ms |             ::1 | GET      "/api/chain/stats"
[GIN] 2026/03/10 - 22:14:59 | 200 |  593.8µs |             ::1 | GET      "/api/db/receivables"
[GIN] 2026/03/10 - 22:14:59 | 200 |  593.8µs |             ::1 | GET      "/api/db/enterprises"
[GIN] 2026/03/10 - 22:14:59 | 200 |   7.89ms |             ::1 | GET      "/api/db/documents"
[GIN] 2026/03/10 - 22:14:59 | 200 |   1.74ms |             ::1 | GET      "/api/db/dashboard/overview"
[GIN] 2026/03/10 - 22:15:00 | 200 | 600.13ms |             ::1 | GET      "/api/chain/stats"
[GIN] 2026/03/10 - 22:15:06 | 200 |   1.44ms |             ::1 | GET      "/api/db/enterprises"
[GIN] 2026/03/10 - 22:15:06 | 200 |   1.28ms |             ::1 | GET      "/api/db/receivables"
[GIN] 2026/03/10 - 22:15:06 | 200 |   1.31ms |             ::1 | GET      "/api/db/documents"
[GIN] 2026/03/10 - 22:15:07 | 200 |       0s |             ::1 | GET      "/workflow/public/stats"
[GIN] 2026/03/10 - 22:15:07 | 200 |       0s |             ::1 | GET      "/api/tx-logs?limit=200"
[GIN] 2026/03/10 - 22:17:21 | 200 |   1.37ms |             ::1 | GET      "/api/db/enterprises"
[GIN] 2026/03/10 - 22:17:21 | 200 |  582.7µs |             ::1 | GET      "/api/db/documents"
[GIN] 2026/03/10 - 22:17:21 | 200 |   1.23ms |             ::1 | GET      "/api/db/receivables"
[GIN] 2026/03/10 - 22:17:22 | 200 |   1.21ms |             ::1 | GET      "/api/db/dashboard/overview"
[GIN] 2026/03/10 - 22:17:22 | 200 | 181.28ms |             ::1 | GET      "/api/chain/stats"
[GIN] 2026/03/10 - 22:22:29 | 200 |   1.45ms |             ::1 | GET      "/api/db/enterprises"
[GIN] 2026/03/10 - 22:22:29 | 200 |  539.3µs |             ::1 | GET      "/api/db/documents"
[GIN] 2026/03/10 - 22:22:29 | 200 |  539.3µs |             ::1 | GET      "/api/db/receivables"
[GIN] 2026/03/10 - 22:22:29 | 200 |  574.7µs |             ::1 | GET      "/api/auth/users"
[GIN] 2026/03/10 - 22:22:29 | 200 |  574.7µs |             ::1 | GET      "/api/db/enterprises"
[GIN] 2026/03/10 - 22:22:29 | 200 | 101.92ms |             ::1 | GET      "/api/chain/stats"
[GIN] 2026/03/10 - 22:22:30 | 200 |  593.4µs |             ::1 | GET      "/api/db/enterprises"
[GIN] 2026/03/10 - 22:22:30 | 200 |   1.17ms |             ::1 | GET      "/api/db/receivables"
[GIN] 2026/03/10 - 22:22:30 | 200 |    1.7ms |             ::1 | GET      "/api/db/documents"
[GIN] 2026/03/10 - 22:22:30 | 200 |       0s |             ::1 | GET      "/workflow/public/stats"
[GIN] 2026/03/10 - 22:22:30 | 200 |  608.8µs |             ::1 | GET      "/api/tx-logs?limit=200"
[GIN] 2026/03/10 - 22:22:39 | 200 |   1.28ms |             ::1 | GET      "/api/db/enterprises"
[GIN] 2026/03/10 - 22:22:39 | 200 |  658.8µs |             ::1 | GET      "/api/db/receivables"
[GIN] 2026/03/10 - 22:22:39 | 200 |  658.8µs |             ::1 | GET      "/api/db/documents"
[GIN] 2026/03/10 - 22:22:39 | 200 |   1.36ms |             ::1 | GET      "/api/db/dashboard/overview"
[GIN] 2026/03/10 - 22:22:39 | 200 | 104.79ms |             ::1 | GET      "/api/chain/stats"
[GIN] 2026/03/10 - 22:25:42 | 200 |   1.14ms |             ::1 | GET      "/api/db/dashboard/overview"
[GIN] 2026/03/10 - 22:25:42 | 200 | 100.33ms |             ::1 | GET      "/api/chain/stats"
[GIN] 2026/03/10 - 22:25:52 | 200 |  856.3µs |             ::1 | GET      "/api/db/enterprises"
[GIN] 2026/03/10 - 22:25:52 | 200 |  567.2µs |             ::1 | GET      "/api/db/documents"
[GIN] 2026/03/10 - 22:25:52 | 200 |   1.08ms |             ::1 | GET      "/api/db/receivables"
[GIN] 2026/03/10 - 22:25:52 | 200 |       0s |             ::1 | GET      "/workflow/public/stats"
[GIN] 2026/03/10 - 22:25:52 | 200 |  604.3µs |             ::1 | GET      "/api/tx-logs?limit=200"
[GIN] 2026/03/10 - 22:25:53 | 200 |  645.2µs |             ::1 | GET      "/api/db/enterprises"
[GIN] 2026/03/10 - 22:25:53 | 200 |  563.1µs |             ::1 | GET      "/api/db/receivables"
[GIN] 2026/03/10 - 22:25:53 | 200 |   1.15ms |             ::1 | GET      "/api/db/documents"
[GIN] 2026/03/10 - 22:25:53 | 200 |  580.1µs |             ::1 | GET      "/api/auth/users"
[GIN] 2026/03/10 - 22:25:53 | 200 |  580.1µs |             ::1 | GET      "/api/db/enterprises"
[GIN] 2026/03/10 - 22:25:53 | 200 | 107.08ms |             ::1 | GET      "/api/chain/stats"
[GIN] 2026/03/10 - 22:25:58 | 200 |  722.5µs |             ::1 | GET      "/api/db/enterprises"
[GIN] 2026/03/10 - 22:25:58 | 200 |  779.3µs |             ::1 | GET      "/api/db/documents"
[GIN] 2026/03/10 - 22:25:58 | 200 |   1.29ms |             ::1 | GET      "/api/db/receivables"
[GIN] 2026/03/10 - 22:25:58 | 200 |   1.18ms |             ::1 | GET      "/api/db/dashboard/overview"
[GIN] 2026/03/10 - 22:25:58 | 200 |  99.75ms |             ::1 | GET      "/api/chain/stats"
[GIN] 2026/03/10 - 22:26:00 | 200 |  790.8µs |             ::1 | GET      "/api/db/enterprises"
[GIN] 2026/03/10 - 22:26:00 | 200 |   1.12ms |             ::1 | GET      "/api/db/documents"
[GIN] 2026/03/10 - 22:26:00 | 200 |   1.12ms |             ::1 | GET      "/api/db/receivables"
[GIN] 2026/03/10 - 22:26:00 | 200 |  524.4µs |             ::1 | GET      "/workflow/public/stats"
[GIN] 2026/03/10 - 22:26:00 | 200 |   1.05ms |             ::1 | GET      "/api/tx-logs?limit=200"
[GIN] 2026/03/10 - 22:26:00 | 200 |   1.16ms |             ::1 | GET      "/api/db/enterprises"
[GIN] 2026/03/10 - 22:26:00 | 200 |  547.4µs |             ::1 | GET      "/api/db/receivables"
[GIN] 2026/03/10 - 22:26:00 | 200 |  547.4µs |             ::1 | GET      "/api/db/documents"
[GIN] 2026/03/10 - 22:26:01 | 200 |  563.2µs |             ::1 | GET      "/api/auth/users"
[GIN] 2026/03/10 - 22:26:01 | 200 |   1.16ms |             ::1 | GET      "/api/db/enterprises"
[GIN] 2026/03/10 - 22:26:01 | 200 | 101.21ms |             ::1 | GET      "/api/chain/stats"
[GIN] 2026/03/10 - 22:26:02 | 200 |  815.6µs |             ::1 | GET      "/api/db/enterprises"
[GIN] 2026/03/10 - 22:26:02 | 200 |  117.9µs |             ::1 | GET      "/api/db/documents"
[GIN] 2026/03/10 - 22:26:02 | 200 |   1.23ms |             ::1 | GET      "/api/db/receivables"
[GIN] 2026/03/10 - 22:26:02 | 200 |  553.2µs |             ::1 | GET      "/api/db/receivables"
[GIN] 2026/03/10 - 22:26:02 | 200 |   1.09ms |             ::1 | GET      "/api/db/documents"
[GIN] 2026/03/10 - 22:26:03 | 200 |  627.4µs |             ::1 | GET      "/api/db/enterprises"
[GIN] 2026/03/10 - 22:26:03 | 200 |  695.6µs |             ::1 | GET      "/api/db/documents"
[GIN] 2026/03/10 - 22:26:03 | 200 |  695.6µs |             ::1 | GET      "/api/db/receivables"
[GIN] 2026/03/10 - 22:26:04 | 200 |  565.2µs |             ::1 | GET      "/api/db/enterprises"
[GIN] 2026/03/10 - 22:26:04 | 200 |  683.3µs |             ::1 | GET      "/api/db/documents"
[GIN] 2026/03/10 - 22:26:04 | 200 |  683.3µs |             ::1 | GET      "/api/db/receivables"
[GIN] 2026/03/10 - 22:26:04 | 200 |   1.91ms |             ::1 | GET      "/api/db/dashboard/overview"
[GIN] 2026/03/10 - 22:26:04 | 200 |  98.75ms |             ::1 | GET      "/api/chain/stats"
[GIN] 2026/03/10 - 22:27:23 | 200 | 492.07ms |             ::1 | POST     "/api/auth/login"
[GIN] 2026/03/10 - 22:27:23 | 200 |   1.28ms |             ::1 | GET      "/api/db/enterprises"
[GIN] 2026/03/10 - 22:27:23 | 200 |  934.1µs |             ::1 | GET      "/api/db/documents"
[GIN] 2026/03/10 - 22:27:23 | 200 |    1.5ms |             ::1 | GET      "/api/db/receivables"
[GIN] 2026/03/10 - 22:27:23 | 200 |  557.8µs |             ::1 | GET      "/api/auth/users"
[GIN] 2026/03/10 - 22:27:23 | 200 |  557.8µs |             ::1 | GET      "/api/db/receivables"
[GIN] 2026/03/10 - 22:27:27 | 200 |   1.59ms |             ::1 | GET      "/api/db/enterprises"
[GIN] 2026/03/10 - 22:27:27 | 200 |    623µs |             ::1 | GET      "/api/db/documents"
[GIN] 2026/03/10 - 22:27:27 | 200 |   1.13ms |             ::1 | GET      "/api/db/receivables"
[GIN] 2026/03/10 - 22:27:27 | 200 |   1.84ms |             ::1 | GET      "/api/db/dashboard/overview"
[GIN] 2026/03/10 - 22:27:27 | 200 | 122.78ms |             ::1 | GET      "/api/chain/stats"
[GIN] 2026/03/10 - 22:27:28 | 200 |   1.14ms |             ::1 | GET      "/api/db/enterprises"
[GIN] 2026/03/10 - 22:27:28 | 200 |  586.5µs |             ::1 | GET      "/api/db/documents"
[GIN] 2026/03/10 - 22:27:28 | 200 |    1.1ms |             ::1 | GET      "/api/db/receivables"
[GIN] 2026/03/10 - 22:27:29 | 200 |  622.7µs |             ::1 | GET      "/api/auth/users"
[GIN] 2026/03/10 - 22:27:29 | 200 |   1.17ms |             ::1 | GET      "/api/db/receivables"
[GIN] 2026/03/10 - 22:27:31 | 200 |   1.18ms |             ::1 | GET      "/api/db/enterprises"
[GIN] 2026/03/10 - 22:27:31 | 200 |   1.13ms |             ::1 | GET      "/api/db/documents"
[GIN] 2026/03/10 - 22:27:31 | 200 |   1.13ms |             ::1 | GET      "/api/db/receivables"
[GIN] 2026/03/10 - 22:27:31 | 200 |  566.1µs |             ::1 | GET      "/api/db/receivables"
[GIN] 2026/03/10 - 22:27:33 | 200 |  795.5µs |             ::1 | GET      "/api/db/enterprises"
[GIN] 2026/03/10 - 22:27:33 | 200 |   1.11ms |             ::1 | GET      "/api/db/documents"
[GIN] 2026/03/10 - 22:27:33 | 200 |   1.63ms |             ::1 | GET      "/api/db/receivables"
[GIN] 2026/03/10 - 22:27:33 | 200 |  584.4µs |             ::1 | GET      "/api/auth/users"
[GIN] 2026/03/10 - 22:27:33 | 200 |   1.14ms |             ::1 | GET      "/api/db/receivables"
[GIN] 2026/03/10 - 22:27:43 | 200 | 156.83ms |             ::1 | POST     "/api/business/enterprise/register"
[GIN] 2026/03/10 - 22:28:23 | 200 | 102.33ms |             ::1 | POST     "/api/business/receivable/issue"
[GIN] 2026/03/10 - 22:28:23 | 200 |    698µs |             ::1 | GET      "/api/db/receivables"
[GIN] 2026/03/10 - 22:28:23 | 200 |   1.13ms |             ::1 | GET      "/api/db/receivables/R-1773152853387"
[GIN] 2026/03/10 - 22:28:30 | 200 |  289.7ms |             ::1 | POST     "/api/business/receivable/confirm"
[GIN] 2026/03/10 - 22:28:30 | 200 |  681.7µs |             ::1 | GET      "/api/db/receivables"
[GIN] 2026/03/10 - 22:28:30 | 200 |  729.3µs |             ::1 | GET      "/api/db/receivables/R-1773152853387"
[GIN] 2026/03/10 - 22:28:38 | 409 | 365.25ms |             ::1 | POST     "/api/business/receivable/confirm"
[GIN] 2026/03/10 - 22:28:44 | 200 |   1.14ms |             ::1 | GET      "/api/db/enterprises"
[GIN] 2026/03/10 - 22:28:44 | 200 |  553.1µs |             ::1 | GET      "/api/db/receivables"
[GIN] 2026/03/10 - 22:28:44 | 200 |  553.1µs |             ::1 | GET      "/api/db/documents"
[GIN] 2026/03/10 - 22:28:44 | 200 |   1.22ms |             ::1 | GET      "/api/db/receivables"
[GIN] 2026/03/10 - 22:28:47 | 200 |  571.2µs |             ::1 | GET      "/api/db/receivables"
[GIN] 2026/03/10 - 22:28:49 | 200 |  548.1µs |             ::1 | GET      "/api/db/receivables"
[GIN] 2026/03/10 - 22:28:50 | 200 |   1.11ms |             ::1 | GET      "/api/db/enterprises"
[GIN] 2026/03/10 - 22:28:50 | 200 |   1.24ms |             ::1 | GET      "/api/db/documents"
[GIN] 2026/03/10 - 22:28:50 | 200 |   1.27ms |             ::1 | GET      "/api/db/receivables"
[GIN] 2026/03/10 - 22:28:50 | 200 |  681.9µs |             ::1 | GET      "/api/db/receivables"
[GIN] 2026/03/10 - 22:28:50 | 200 |   1.24ms |             ::1 | GET      "/api/auth/users"
[GIN] 2026/03/10 - 22:28:54 | 200 |   1.22ms |             ::1 | GET      "/api/db/enterprises"
[GIN] 2026/03/10 - 22:28:54 | 200 |  579.3µs |             ::1 | GET      "/api/db/documents"
[GIN] 2026/03/10 - 22:28:54 | 200 |  678.2µs |             ::1 | GET      "/api/db/receivables"
[GIN] 2026/03/10 - 22:28:54 | 200 |  729.1µs |             ::1 | GET      "/api/db/receivables"
[GIN] 2026/03/10 - 22:28:56 | 200 |  631.3µs |             ::1 | GET      "/api/db/enterprises"
[GIN] 2026/03/10 - 22:28:56 | 200 |   1.17ms |             ::1 | GET      "/api/db/receivables"
[GIN] 2026/03/10 - 22:28:56 | 200 |    565µs |             ::1 | GET      "/api/db/documents"
[GIN] 2026/03/10 - 22:28:56 | 200 |  787.8µs |             ::1 | GET      "/api/auth/users"
[GIN] 2026/03/10 - 22:28:56 | 200 |   1.33ms |             ::1 | GET      "/api/db/receivables"
[GIN] 2026/03/10 - 22:29:05 | 409 | 264.81ms |             ::1 | POST     "/api/business/enterprise/register"
[GIN] 2026/03/10 - 22:29:21 | 200 |  648.3µs |             ::1 | GET      "/api/db/enterprises"
[GIN] 2026/03/10 - 22:29:21 | 200 |  680.1µs |             ::1 | GET      "/api/db/receivables"
[GIN] 2026/03/10 - 22:29:21 | 200 |  680.1µs |             ::1 | GET      "/api/db/documents"
[GIN] 2026/03/10 - 22:29:21 | 200 |  656.3µs |             ::1 | GET      "/api/db/receivables"
[GIN] 2026/03/10 - 22:29:32 | 200 | 465.13ms |             ::1 | POST     "/api/auth/login"
[GIN] 2026/03/10 - 22:29:32 | 200 |  717.3µs |             ::1 | GET      "/api/db/enterprises"
[GIN] 2026/03/10 - 22:29:32 | 200 |  729.7µs |             ::1 | GET      "/api/db/receivables"
[GIN] 2026/03/10 - 22:29:32 | 200 |   1.29ms |             ::1 | GET      "/api/db/documents"
[GIN] 2026/03/10 - 22:29:32 | 200 |   1.36ms |             ::1 | GET      "/api/db/receivables"
[GIN] 2026/03/10 - 22:29:34 | 200 |  775.2µs |             ::1 | GET      "/api/db/enterprises"
[GIN] 2026/03/10 - 22:29:34 | 200 |    587µs |             ::1 | GET      "/api/db/documents"
[GIN] 2026/03/10 - 22:29:34 | 200 |    587µs |             ::1 | GET      "/api/db/receivables"
[GIN] 2026/03/10 - 22:29:34 | 200 |   1.84ms |             ::1 | GET      "/api/db/dashboard/overview"
[GIN] 2026/03/10 - 22:29:34 | 200 | 121.45ms |             ::1 | GET      "/api/chain/stats"
[GIN] 2026/03/10 - 22:29:37 | 200 |  631.1µs |             ::1 | GET      "/api/db/enterprises"
[GIN] 2026/03/10 - 22:29:37 | 200 |  728.8µs |             ::1 | GET      "/api/db/documents"
[GIN] 2026/03/10 - 22:29:37 | 200 |  728.8µs |             ::1 | GET      "/api/db/receivables"
[GIN] 2026/03/10 - 22:29:37 | 200 |  722.1µs |             ::1 | GET      "/api/db/receivables"
[GIN] 2026/03/10 - 22:29:55 | 401 |  53.33ms |             ::1 | POST     "/api/auth/login"
[GIN] 2026/03/10 - 22:30:00 | 200 | 730.16ms |             ::1 | POST     "/api/auth/login"
[GIN] 2026/03/10 - 22:30:00 | 200 |   1.06ms |             ::1 | GET      "/api/db/enterprises"
[GIN] 2026/03/10 - 22:30:00 | 200 |   1.48ms |             ::1 | GET      "/api/db/documents"
[GIN] 2026/03/10 - 22:30:00 | 200 |    1.5ms |             ::1 | GET      "/api/db/receivables"
[GIN] 2026/03/10 - 22:30:00 | 200 |  665.5µs |             ::1 | GET      "/api/auth/users"
[GIN] 2026/03/10 - 22:30:00 | 200 |   1.84ms |             ::1 | GET      "/api/db/receivables"
[GIN] 2026/03/10 - 22:30:15 | 200 | 113.16ms |             ::1 | POST     "/api/business/receivable/issue"
[GIN] 2026/03/10 - 22:30:15 | 200 |  758.1µs |             ::1 | GET      "/api/db/receivables"
[GIN] 2026/03/10 - 22:30:15 | 200 |  679.2µs |             ::1 | GET      "/api/db/receivables/R-1773153000276"
[GIN] 2026/03/10 - 22:30:18 | 200 |  817.5µs |             ::1 | GET      "/api/db/enterprises"
[GIN] 2026/03/10 - 22:30:18 | 200 |  566.1µs |             ::1 | GET      "/api/db/receivables"
[GIN] 2026/03/10 - 22:30:18 | 200 |  566.1µs |             ::1 | GET      "/api/db/documents"
[GIN] 2026/03/10 - 22:30:19 | 200 |  570.8µs |             ::1 | GET      "/api/db/receivables"
[GIN] 2026/03/10 - 22:30:21 | 200 |  761.6µs |             ::1 | GET      "/api/db/enterprises"
[GIN] 2026/03/10 - 22:30:21 | 200 |  560.9µs |             ::1 | GET      "/api/db/documents"
[GIN] 2026/03/10 - 22:30:21 | 200 |  560.9µs |             ::1 | GET      "/api/db/receivables"
[GIN] 2026/03/10 - 22:30:21 | 200 |  554.9µs |             ::1 | GET      "/api/auth/users"
[GIN] 2026/03/10 - 22:30:21 | 200 |  554.9µs |             ::1 | GET      "/api/db/receivables"
[GIN] 2026/03/10 - 22:30:44 | 200 |   1.15ms |             ::1 | GET      "/api/db/enterprises"
[GIN] 2026/03/10 - 22:30:44 | 200 |   1.46ms |             ::1 | GET      "/api/db/receivables"
[GIN] 2026/03/10 - 22:30:44 | 200 |  616.6µs |             ::1 | GET      "/api/db/documents"
[GIN] 2026/03/10 - 22:30:44 | 200 |   3.26ms |             ::1 | GET      "/api/db/dashboard/overview"
[GIN] 2026/03/10 - 22:30:44 | 200 | 125.25ms |             ::1 | GET      "/api/chain/stats"
[GIN] 2026/03/10 - 22:30:44 | 200 |   1.11ms |             ::1 | GET      "/api/db/enterprises"
[GIN] 2026/03/10 - 22:30:44 | 200 |  739.8µs |             ::1 | GET      "/api/db/receivables"
[GIN] 2026/03/10 - 22:30:44 | 200 |   1.31ms |             ::1 | GET      "/api/db/documents"
[GIN] 2026/03/10 - 22:30:44 | 200 |  623.8µs |             ::1 | GET      "/api/db/receivables"
[GIN] 2026/03/10 - 22:30:46 | 200 |    823µs |             ::1 | GET      "/api/db/receivables"
[GIN] 2026/03/10 - 22:30:54 | 200 |  842.3µs |             ::1 | GET      "/api/db/enterprises"
[GIN] 2026/03/10 - 22:30:54 | 200 |   1.36ms |             ::1 | GET      "/api/db/receivables"
[GIN] 2026/03/10 - 22:30:54 | 200 |   1.36ms |             ::1 | GET      "/api/db/documents"
[GIN] 2026/03/10 - 22:30:54 | 200 |    703µs |             ::1 | GET      "/api/auth/users"
[GIN] 2026/03/10 - 22:30:54 | 200 |   1.27ms |             ::1 | GET      "/api/db/receivables"
[GIN] 2026/03/10 - 22:31:05 | 409 |  96.36ms |             ::1 | POST     "/api/business/enterprise/register"
[GIN] 2026/03/10 - 22:31:44 | 200 | 205.26ms |             ::1 | POST     "/api/business/receivable/issue"
[GIN] 2026/03/10 - 22:31:44 | 200 |  919.7µs |             ::1 | GET      "/api/db/receivables"
[GIN] 2026/03/10 - 22:31:44 | 200 |  721.5µs |             ::1 | GET      "/api/db/receivables/R-1773153054667"
[GIN] 2026/03/10 - 22:31:49 | 200 | 440.07ms |             ::1 | POST     "/api/business/receivable/confirm"
[GIN] 2026/03/10 - 22:31:49 | 200 |  706.1µs |             ::1 | GET      "/api/db/receivables"
[GIN] 2026/03/10 - 22:31:49 | 200 |  582.2µs |             ::1 | GET      "/api/db/receivables/R-1773153054667"
[GIN] 2026/03/10 - 22:31:55 | 409 |  95.78ms |             ::1 | POST     "/api/business/receivable/confirm"
[GIN] 2026/03/10 - 22:32:00 | 200 |  66.48ms |             ::1 | POST     "/api/business/receivable/settle"
[GIN] 2026/03/10 - 22:32:00 | 200 |  677.9µs |             ::1 | GET      "/api/db/receivables"
[GIN] 2026/03/10 - 22:32:00 | 200 |  733.9µs |             ::1 | GET      "/api/db/receivables/R-1773153054667"
[GIN] 2026/03/10 - 22:32:06 | 200 |   1.09ms |             ::1 | GET      "/api/db/enterprises"
[GIN] 2026/03/10 - 22:32:06 | 200 |   1.31ms |             ::1 | GET      "/api/db/receivables"
[GIN] 2026/03/10 - 22:32:06 | 200 |   1.85ms |             ::1 | GET      "/api/db/documents"
[GIN] 2026/03/10 - 22:32:06 | 200 |  702.4µs |             ::1 | GET      "/api/db/receivables"
[GIN] 2026/03/10 - 22:32:09 | 200 |  835.3µs |             ::1 | GET      "/api/db/enterprises"
[GIN] 2026/03/10 - 22:32:09 | 200 |    619µs |             ::1 | GET      "/api/db/receivables"
[GIN] 2026/03/10 - 22:32:09 | 200 |    619µs |             ::1 | GET      "/api/db/documents"
[GIN] 2026/03/10 - 22:32:09 | 200 |  769.9µs |             ::1 | GET      "/api/auth/users"
[GIN] 2026/03/10 - 22:32:09 | 200 |   1.31ms |             ::1 | GET      "/api/db/receivables"
[GIN] 2026/03/10 - 22:35:26 | 200 |   1.51ms |             ::1 | GET      "/api/db/enterprises"
[GIN] 2026/03/10 - 22:35:26 | 200 |   1.06ms |             ::1 | GET      "/api/db/documents"
[GIN] 2026/03/10 - 22:35:26 | 200 |   1.06ms |             ::1 | GET      "/api/db/receivables"
[GIN] 2026/03/10 - 22:35:26 | 200 |    601µs |             ::1 | GET      "/api/db/receivables"
[GIN] 2026/03/10 - 22:35:29 | 200 |  756.9µs |             ::1 | GET      "/api/db/receivables"
[GIN] 2026/03/10 - 22:35:32 | 200 |  14.01ms |             ::1 | GET      "/api/db/enterprises"
[GIN] 2026/03/10 - 22:35:32 | 200 |  12.23ms |             ::1 | GET      "/api/db/documents"
[GIN] 2026/03/10 - 22:35:32 | 200 |   83.7ms |             ::1 | GET      "/api/db/receivables"
[GIN] 2026/03/10 - 22:35:32 | 200 |   1.99ms |             ::1 | GET      "/api/auth/users"
[GIN] 2026/03/10 - 22:35:32 | 200 |      5ms |             ::1 | GET      "/api/db/receivables"
[GIN] 2026/03/10 - 22:35:33 | 200 |      1ms |             ::1 | GET      "/api/db/enterprises"
[GIN] 2026/03/10 - 22:35:33 | 200 |   1.33ms |             ::1 | GET      "/api/db/receivables"
[GIN] 2026/03/10 - 22:35:33 | 200 |   1.33ms |             ::1 | GET      "/api/db/documents"
[GIN] 2026/03/10 - 22:35:33 | 200 |  997.4µs |             ::1 | GET      "/api/db/receivables"
[GIN] 2026/03/10 - 22:35:34 | 200 |      1ms |             ::1 | GET      "/api/db/enterprises"
[GIN] 2026/03/10 - 22:35:34 | 200 |   1.01ms |             ::1 | GET      "/api/db/documents"
[GIN] 2026/03/10 - 22:35:34 | 200 |   1.01ms |             ::1 | GET      "/api/db/receivables"
[GIN] 2026/03/10 - 22:35:34 | 200 |       0s |             ::1 | GET      "/api/db/receivables"
[GIN] 2026/03/10 - 22:35:34 | 200 |  997.8µs |             ::1 | GET      "/api/db/documents"
[GIN] 2026/03/10 - 22:35:37 | 200 |   1.82ms |             ::1 | GET      "/api/db/enterprises"
[GIN] 2026/03/10 - 22:35:37 | 200 |   1.18ms |             ::1 | GET      "/api/db/documents"
[GIN] 2026/03/10 - 22:35:37 | 200 |   1.18ms |             ::1 | GET      "/api/db/receivables"
[GIN] 2026/03/10 - 22:35:37 | 200 |   1.19ms |             ::1 | GET      "/api/auth/users"
[GIN] 2026/03/10 - 22:35:37 | 200 |   1.75ms |             ::1 | GET      "/api/db/receivables"
[GIN] 2026/03/10 - 22:35:41 | 200 |  632.9µs |             ::1 | GET      "/api/db/enterprises"
[GIN] 2026/03/10 - 22:35:41 | 200 |  677.1µs |             ::1 | GET      "/api/db/receivables"
[GIN] 2026/03/10 - 22:35:41 | 200 |  677.1µs |             ::1 | GET      "/api/db/documents"
[GIN] 2026/03/10 - 22:35:42 | 200 |  731.1µs |             ::1 | GET      "/api/db/documents"
[GIN] 2026/03/10 - 22:35:42 | 200 |  731.1µs |             ::1 | GET      "/api/db/receivables"
[GIN] 2026/03/10 - 22:35:43 | 200 |   1.09ms |             ::1 | GET      "/api/db/enterprises"
[GIN] 2026/03/10 - 22:35:43 | 200 |  602.9µs |             ::1 | GET      "/api/db/documents"
[GIN] 2026/03/10 - 22:35:43 | 200 |   1.12ms |             ::1 | GET      "/api/db/receivables"
[GIN] 2026/03/10 - 22:35:44 | 200 |  528.9µs |             ::1 | GET      "/api/db/enterprises"
[GIN] 2026/03/10 - 22:35:44 | 200 |  678.5µs |             ::1 | GET      "/api/db/documents"
[GIN] 2026/03/10 - 22:35:44 | 200 |   1.26ms |             ::1 | GET      "/api/db/receivables"
[GIN] 2026/03/10 - 22:35:44 | 200 |    610µs |             ::1 | GET      "/api/db/documents"
[GIN] 2026/03/10 - 22:35:44 | 200 |   1.08ms |             ::1 | GET      "/api/db/receivables"
[GIN] 2026/03/10 - 22:35:54 | 200 |  45.64ms |             ::1 | POST     "/api/ipfs/upload"
[GIN] 2026/03/10 - 22:36:10 | 200 |  714.9µs |             ::1 | GET      "/api/db/enterprises"
[GIN] 2026/03/10 - 22:36:10 | 200 |   1.35ms |             ::1 | GET      "/api/db/receivables"
[GIN] 2026/03/10 - 22:36:10 | 200 |   1.35ms |             ::1 | GET      "/api/db/documents"
[GIN] 2026/03/10 - 22:36:10 | 200 |    1.3ms |             ::1 | GET      "/api/db/receivables"
[GIN] 2026/03/10 - 22:36:11 | 200 |   1.51ms |             ::1 | GET      "/api/db/enterprises"
[GIN] 2026/03/10 - 22:36:11 | 200 |   1.56ms |             ::1 | GET      "/api/db/receivables"
[GIN] 2026/03/10 - 22:36:11 | 200 |   1.56ms |             ::1 | GET      "/api/db/documents"
[GIN] 2026/03/10 - 22:36:12 | 200 |   1.12ms |             ::1 | GET      "/api/db/documents"
[GIN] 2026/03/10 - 22:36:12 | 200 |   1.69ms |             ::1 | GET      "/api/db/receivables"
[GIN] 2026/03/10 - 22:36:17 | 200 |    1.2ms |             ::1 | GET      "/api/db/enterprises"
[GIN] 2026/03/10 - 22:36:17 | 200 |  772.4µs |             ::1 | GET      "/api/db/documents"
[GIN] 2026/03/10 - 22:36:17 | 200 |   1.38ms |             ::1 | GET      "/api/db/receivables"
[GIN] 2026/03/10 - 22:36:18 | 200 |  627.6µs |             ::1 | GET      "/api/db/receivables"
[GIN] 2026/03/10 - 22:36:19 | 200 |  678.5µs |             ::1 | GET      "/api/db/enterprises"
[GIN] 2026/03/10 - 22:36:19 | 200 |  608.4µs |             ::1 | GET      "/api/db/documents"
[GIN] 2026/03/10 - 22:36:19 | 200 |  608.4µs |             ::1 | GET      "/api/db/receivables"
[GIN] 2026/03/10 - 22:36:19 | 200 |  873.7µs |             ::1 | GET      "/api/auth/users"
[GIN] 2026/03/10 - 22:36:19 | 200 |   1.43ms |             ::1 | GET      "/api/db/receivables"
[GIN] 2026/03/10 - 22:38:22 | 200 |   1.13ms |             ::1 | GET      "/api/db/receivables"
[GIN] 2026/03/10 - 22:38:22 | 200 |   1.76ms |             ::1 | GET      "/api/db/enterprises"
[GIN] 2026/03/10 - 22:38:22 | 200 |   9.58ms |             ::1 | GET      "/api/db/documents"
[GIN] 2026/03/10 - 22:38:22 | 200 |  617.9µs |             ::1 | GET      "/api/auth/users"
[GIN] 2026/03/10 - 22:38:22 | 200 |  617.9µs |             ::1 | GET      "/api/db/receivables"
[GIN] 2026/03/10 - 22:38:30 | 200 |  558.3µs |             ::1 | GET      "/api/auth/users"
[GIN] 2026/03/10 - 22:38:30 | 200 |  585.7µs |             ::1 | GET      "/api/db/receivables"
[GIN] 2026/03/10 - 22:38:38 | 200 |    1.2ms |             ::1 | GET      "/api/db/enterprises"
[GIN] 2026/03/10 - 22:38:38 | 200 |      1ms |             ::1 | GET      "/api/db/documents"
[GIN] 2026/03/10 - 22:38:38 | 200 |      1ms |             ::1 | GET      "/api/db/receivables"
[GIN] 2026/03/10 - 22:38:38 | 200 |  616.5µs |             ::1 | GET      "/api/db/receivables"
[GIN] 2026/03/10 - 22:38:39 | 200 |  682.5µs |             ::1 | GET      "/api/db/enterprises"
[GIN] 2026/03/10 - 22:38:39 | 200 |  674.8µs |             ::1 | GET      "/api/db/documents"
[GIN] 2026/03/10 - 22:38:39 | 200 |  674.8µs |             ::1 | GET      "/api/db/receivables"
[GIN] 2026/03/10 - 22:38:39 | 200 |  721.4µs |             ::1 | GET      "/api/auth/users"
[GIN] 2026/03/10 - 22:38:39 | 200 |    1.3ms |             ::1 | GET      "/api/db/receivables"
[GIN] 2026/03/10 - 22:38:41 | 200 |   2.01ms |             ::1 | GET      "/api/db/enterprises"
[GIN] 2026/03/10 - 22:38:41 | 200 |   1.48ms |             ::1 | GET      "/api/db/receivables"
[GIN] 2026/03/10 - 22:38:41 | 200 |   1.39ms |             ::1 | GET      "/api/db/documents"
[GIN] 2026/03/10 - 22:38:41 | 200 |  570.7µs |             ::1 | GET      "/api/db/receivables"
[GIN] 2026/03/10 - 22:38:42 | 200 |  900.5µs |             ::1 | GET      "/api/db/enterprises"
[GIN] 2026/03/10 - 22:38:42 | 200 |       0s |             ::1 | GET      "/api/db/documents"
[GIN] 2026/03/10 - 22:38:42 | 200 |  998.6µs |             ::1 | GET      "/api/db/receivables"
[GIN] 2026/03/10 - 22:38:42 | 200 |  590.5µs |             ::1 | GET      "/api/db/documents"
[GIN] 2026/03/10 - 22:38:42 | 200 |    529µs |             ::1 | GET      "/api/db/receivables"
[GIN] 2026/03/10 - 22:38:44 | 200 |  726.9µs |             ::1 | GET      "/api/db/enterprises"
[GIN] 2026/03/10 - 22:38:44 | 200 |    573µs |             ::1 | GET      "/api/db/documents"
[GIN] 2026/03/10 - 22:38:44 | 200 |   1.17ms |             ::1 | GET      "/api/db/receivables"
[GIN] 2026/03/10 - 22:38:45 | 200 |      1ms |             ::1 | GET      "/api/db/receivables"
[GIN] 2026/03/10 - 22:38:45 | 200 |      2ms |             ::1 | GET      "/api/auth/users"
[GIN] 2026/03/10 - 22:38:46 | 200 |  608.9µs |             ::1 | GET      "/api/db/enterprises"
[GIN] 2026/03/10 - 22:38:46 | 200 |  690.1µs |             ::1 | GET      "/api/db/documents"
[GIN] 2026/03/10 - 22:38:46 | 200 |   1.74ms |             ::1 | GET      "/api/db/receivables"
[GIN] 2026/03/10 - 22:38:46 | 200 |   1.69ms |             ::1 | GET      "/api/db/dashboard/overview"
[GIN] 2026/03/10 - 22:38:46 | 200 | 131.95ms |             ::1 | GET      "/api/chain/stats"
[GIN] 2026/03/10 - 22:38:46 | 200 |  589.5µs |             ::1 | GET      "/api/db/enterprises"
[GIN] 2026/03/10 - 22:38:46 | 200 |  603.6µs |             ::1 | GET      "/api/db/documents"
[GIN] 2026/03/10 - 22:38:46 | 200 |   1.11ms |             ::1 | GET      "/api/db/receivables"
[GIN] 2026/03/10 - 22:38:47 | 200 |   1.15ms |             ::1 | GET      "/api/auth/users"
[GIN] 2026/03/10 - 22:38:47 | 200 |   1.79ms |             ::1 | GET      "/api/db/receivables"
[GIN] 2026/03/10 - 22:38:48 | 200 |      1ms |             ::1 | GET      "/api/db/enterprises"
[GIN] 2026/03/10 - 22:38:48 | 200 |   1.43ms |             ::1 | GET      "/api/db/receivables"
[GIN] 2026/03/10 - 22:38:48 | 200 |    1.4ms |             ::1 | GET      "/api/db/documents"
[GIN] 2026/03/10 - 22:38:48 | 200 |   1.37ms |             ::1 | GET      "/api/db/dashboard/overview"
[GIN] 2026/03/10 - 22:38:48 | 200 |  129.1ms |             ::1 | GET      "/api/chain/stats"
[GIN] 2026/03/10 - 22:39:08 | 200 |   1.26ms |             ::1 | GET      "/api/db/enterprises"
[GIN] 2026/03/10 - 22:39:08 | 200 |      1ms |             ::1 | GET      "/api/db/receivables"
[GIN] 2026/03/10 - 22:39:08 | 200 |      1ms |             ::1 | GET      "/api/db/documents"
[GIN] 2026/03/10 - 22:39:08 | 200 |  608.3µs |             ::1 | GET      "/api/db/documents"
[GIN] 2026/03/10 - 22:39:08 | 200 |   1.24ms |             ::1 | GET      "/api/db/receivables"
[GIN] 2026/03/10 - 22:39:09 | 200 |    1.4ms |             ::1 | GET      "/api/db/enterprises"
[GIN] 2026/03/10 - 22:39:09 | 200 |  656.3µs |             ::1 | GET      "/api/db/documents"
[GIN] 2026/03/10 - 22:39:09 | 200 |    1.2ms |             ::1 | GET      "/api/db/receivables"
[GIN] 2026/03/10 - 22:39:09 | 200 |    729µs |             ::1 | GET      "/api/auth/users"
[GIN] 2026/03/10 - 22:39:09 | 200 |   1.28ms |             ::1 | GET      "/api/db/receivables"
[GIN] 2026/03/10 - 22:41:27 | 200 |   1.08ms |             ::1 | GET      "/api/auth/users"
[GIN] 2026/03/10 - 22:41:27 | 200 |   1.26ms |             ::1 | GET      "/api/db/receivables"
[GIN] 2026/03/10 - 22:41:27 | 200 |  11.94ms |             ::1 | GET      "/api/db/enterprises"
[GIN] 2026/03/10 - 22:41:30 | 200 |   6.99ms |             ::1 | GET      "/api/db/enterprises"
[GIN] 2026/03/10 - 22:41:31 | 200 |   3.68ms |             ::1 | GET      "/api/db/documents"
[GIN] 2026/03/10 - 22:41:31 | 200 |      8ms |             ::1 | GET      "/api/db/receivables"
[GIN] 2026/03/10 - 22:41:31 | 200 |  12.99ms |             ::1 | GET      "/api/db/dashboard/overview"
[GIN] 2026/03/10 - 22:41:31 | 200 | 418.02ms |             ::1 | GET      "/api/chain/stats"
[GIN] 2026/03/10 - 22:42:18 | 200 |  605.7µs |             ::1 | GET      "/api/db/enterprises"
[GIN] 2026/03/10 - 22:42:18 | 200 |    779µs |             ::1 | GET      "/api/db/receivables"
[GIN] 2026/03/10 - 22:42:18 | 200 |   1.31ms |             ::1 | GET      "/api/db/documents"
[GIN] 2026/03/10 - 22:42:18 | 200 |  589.5µs |             ::1 | GET      "/api/db/receivables"
[GIN] 2026/03/10 - 22:42:18 | 200 |  589.5µs |             ::1 | GET      "/api/auth/users"
[GIN] 2026/03/10 - 22:42:18 | 200 |   10.2ms |             ::1 | GET      "/api/db/enterprises"
[GIN] 2026/03/10 - 22:45:55 | 200 |   1.11ms |             ::1 | GET      "/api/auth/users"
[GIN] 2026/03/10 - 22:45:55 | 200 |   1.69ms |             ::1 | GET      "/api/db/receivables"
[GIN] 2026/03/10 - 22:45:55 | 200 |  13.59ms |             ::1 | GET      "/api/db/enterprises"
[GIN-debug] [WARNING] Running in "debug" mode. Switch to "release" mode in production.
 - using env:	export GIN_MODE=release
 - using code:	gin.SetMode(gin.ReleaseMode)

[GIN-debug] GET    /health                   --> backend/router.RegisterRoutes.func1 (5 handlers)
[GIN-debug] GET    /workflow/public/stats    --> backend/middleware.GetStats (5 handlers)
[GIN-debug] POST   /api/auth/register        --> backend/router.UserRegister (5 handlers)
[GIN-debug] POST   /api/auth/login           --> backend/router.UserLogin (5 handlers)
[GIN-debug] GET    /api/auth/users           --> backend/router.ListUsers (5 handlers)
[GIN-debug] POST   /api/enterprise/register  --> backend/router.RegisterEnterprise (6 handlers)
[GIN-debug] GET    /api/enterprise           --> backend/router.ListEnterprises (5 handlers)
[GIN-debug] GET    /api/enterprise/:address  --> backend/router.GetEnterpriseByAddress (5 handlers)
[GIN-debug] POST   /api/receivable/issue     --> backend/router.IssueReceivable (6 handlers)
[GIN-debug] POST   /api/receivable/confirm   --> backend/router.ConfirmReceivable (6 handlers)
[GIN-debug] POST   /api/receivable/finance   --> backend/router.RecordFinancing (6 handlers)
[GIN-debug] POST   /api/receivable/settle    --> backend/router.RecordSettlement (6 handlers)
[GIN-debug] GET    /api/receivable           --> backend/router.ListReceivables (5 handlers)
[GIN-debug] GET    /api/receivable/:id       --> backend/router.GetReceivableByID (5 handlers)
[GIN-debug] GET    /api/receivable/:id/financing --> backend/router.GetFinancingByReceivable (5 handlers)
[GIN-debug] POST   /api/business/enterprise/register --> backend/router.RegisterEnterprise (6 handlers)
[GIN-debug] POST   /api/business/receivable/issue --> backend/router.IssueReceivable (6 handlers)
[GIN-debug] POST   /api/business/receivable/confirm --> backend/router.ConfirmReceivable (6 handlers)
[GIN-debug] POST   /api/business/receivable/settle --> backend/router.RecordSettlement (6 handlers)
[GIN-debug] GET    /api/business/receivable/:id --> backend/router.GetReceivableByID (6 handlers)
[GIN-debug] GET    /api/business/receivables --> backend/router.ListReceivables (6 handlers)
[GIN-debug] POST   /api/finance/receivable/finance --> backend/router.RecordFinancing (6 handlers)
[GIN-debug] GET    /api/finance/receivable/:id --> backend/router.GetReceivableByID (6 handlers)
[GIN-debug] GET    /api/finance/receivable/:id/financing --> backend/router.GetFinancingByReceivable (6 handlers)
[GIN-debug] GET    /api/finance/receivables  --> backend/router.ListReceivables (6 handlers)
[GIN-debug] GET    /api/dashboard/overview   --> backend/router.GetOverview (5 handlers)
[GIN-debug] GET    /api/tx-logs              --> backend/router.GetRecentTxLogs (5 handlers)
[GIN-debug] GET    /api/chain/stats          --> backend/router.GetChainStats (6 handlers)
[GIN-debug] POST   /api/ai/chat              --> backend/router.ChatAssistant (6 handlers)
[GIN-debug] POST   /api/ipfs/upload          --> backend/router.FileUpload (6 handlers)
[GIN-debug] GET    /api/db/dashboard/overview --> backend/router.GetDBOverview (5 handlers)
[GIN-debug] GET    /api/db/enterprises       --> backend/router.ListDBEnterprises (5 handlers)
[GIN-debug] GET    /api/db/receivables       --> backend/router.ListDBReceivables (5 handlers)
[GIN-debug] GET    /api/db/receivables/:id   --> backend/router.GetDBReceivableByID (5 handlers)
[GIN-debug] GET    /api/db/receivables/:id/financing --> backend/router.ListDBFinancingByReceivable (5 handlers)
[GIN-debug] GET    /api/db/documents         --> backend/router.ListDBDocuments (5 handlers)
[GIN-debug] GET    /assets/*filepath         --> github.com/gin-gonic/gin.(*RouterGroup).createStaticHandler.func1 (5 handlers)
[GIN-debug] HEAD   /assets/*filepath         --> github.com/gin-gonic/gin.(*RouterGroup).createStaticHandler.func1 (5 handlers)
[GIN-debug] [WARNING] You trusted all proxies, this is NOT safe. We recommend you to set a value.
Please check https://github.com/gin-gonic/gin/blob/master/docs/doc.md#dont-trust-all-proxies for details.
[GIN-debug] Listening and serving HTTP on :8888
[GIN] 2026/03/10 - 22:51:48 | 200 |  21.31ms |             ::1 | GET      "/api/db/enterprises"
[GIN] 2026/03/10 - 22:51:48 | 200 |  21.31ms |             ::1 | GET      "/api/db/documents"
[GIN] 2026/03/10 - 22:51:48 | 200 |  21.82ms |             ::1 | GET      "/api/db/receivables"
[GIN] 2026/03/10 - 22:51:49 | 200 |    823µs |             ::1 | GET      "/api/db/receivables"
[GIN-debug] [WARNING] Running in "debug" mode. Switch to "release" mode in production.
 - using env:	export GIN_MODE=release
 - using code:	gin.SetMode(gin.ReleaseMode)

[GIN-debug] GET    /health                   --> backend/router.RegisterRoutes.func1 (5 handlers)
[GIN-debug] GET    /workflow/public/stats    --> backend/middleware.GetStats (5 handlers)
[GIN-debug] POST   /api/auth/register        --> backend/router.UserRegister (5 handlers)
[GIN-debug] POST   /api/auth/login           --> backend/router.UserLogin (5 handlers)
[GIN-debug] GET    /api/auth/users           --> backend/router.ListUsers (5 handlers)
[GIN-debug] POST   /api/enterprise/register  --> backend/router.RegisterEnterprise (6 handlers)
[GIN-debug] GET    /api/enterprise           --> backend/router.ListEnterprises (5 handlers)
[GIN-debug] GET    /api/enterprise/:address  --> backend/router.GetEnterpriseByAddress (5 handlers)
[GIN-debug] POST   /api/receivable/issue     --> backend/router.IssueReceivable (6 handlers)
[GIN-debug] POST   /api/receivable/confirm   --> backend/router.ConfirmReceivable (6 handlers)
[GIN-debug] POST   /api/receivable/finance   --> backend/router.RecordFinancing (6 handlers)
[GIN-debug] POST   /api/receivable/settle    --> backend/router.RecordSettlement (6 handlers)
[GIN-debug] GET    /api/receivable           --> backend/router.ListReceivables (5 handlers)
[GIN-debug] GET    /api/receivable/:id       --> backend/router.GetReceivableByID (5 handlers)
[GIN-debug] GET    /api/receivable/:id/financing --> backend/router.GetFinancingByReceivable (5 handlers)
[GIN-debug] POST   /api/business/enterprise/register --> backend/router.RegisterEnterprise (6 handlers)
[GIN-debug] POST   /api/business/receivable/issue --> backend/router.IssueReceivable (6 handlers)
[GIN-debug] POST   /api/business/receivable/confirm --> backend/router.ConfirmReceivable (6 handlers)
[GIN-debug] POST   /api/business/receivable/settle --> backend/router.RecordSettlement (6 handlers)
[GIN-debug] GET    /api/business/receivable/:id --> backend/router.GetReceivableByID (6 handlers)
[GIN-debug] GET    /api/business/receivables --> backend/router.ListReceivables (6 handlers)
[GIN-debug] POST   /api/finance/receivable/finance --> backend/router.RecordFinancing (6 handlers)
[GIN-debug] GET    /api/finance/receivable/:id --> backend/router.GetReceivableByID (6 handlers)
[GIN-debug] GET    /api/finance/receivable/:id/financing --> backend/router.GetFinancingByReceivable (6 handlers)
[GIN-debug] GET    /api/finance/receivables  --> backend/router.ListReceivables (6 handlers)
[GIN-debug] GET    /api/dashboard/overview   --> backend/router.GetOverview (5 handlers)
[GIN-debug] GET    /api/tx-logs              --> backend/router.GetRecentTxLogs (5 handlers)
[GIN-debug] GET    /api/chain/stats          --> backend/router.GetChainStats (6 handlers)
[GIN-debug] POST   /api/ai/chat              --> backend/router.ChatAssistant (6 handlers)
[GIN-debug] POST   /api/ipfs/upload          --> backend/router.FileUpload (6 handlers)
[GIN-debug] GET    /api/db/dashboard/overview --> backend/router.GetDBOverview (5 handlers)
[GIN-debug] GET    /api/db/enterprises       --> backend/router.ListDBEnterprises (5 handlers)
[GIN-debug] GET    /api/db/receivables       --> backend/router.ListDBReceivables (5 handlers)
[GIN-debug] GET    /api/db/receivables/:id   --> backend/router.GetDBReceivableByID (5 handlers)
[GIN-debug] GET    /api/db/receivables/:id/financing --> backend/router.ListDBFinancingByReceivable (5 handlers)
[GIN-debug] GET    /api/db/documents         --> backend/router.ListDBDocuments (5 handlers)
[GIN-debug] GET    /assets/*filepath         --> github.com/gin-gonic/gin.(*RouterGroup).createStaticHandler.func1 (5 handlers)
[GIN-debug] HEAD   /assets/*filepath         --> github.com/gin-gonic/gin.(*RouterGroup).createStaticHandler.func1 (5 handlers)
[GIN-debug] [WARNING] You trusted all proxies, this is NOT safe. We recommend you to set a value.
Please check https://github.com/gin-gonic/gin/blob/master/docs/doc.md#dont-trust-all-proxies for details.
[GIN-debug] Listening and serving HTTP on :8888
[GIN] 2026/03/10 - 22:53:49 | 200 | 674.47ms |             ::1 | POST     "/api/auth/login"
[GIN] 2026/03/10 - 22:53:49 | 200 |    1.3ms |             ::1 | GET      "/api/db/enterprises"
[GIN] 2026/03/10 - 22:53:49 | 200 |  660.3µs |             ::1 | GET      "/api/db/documents"
[GIN] 2026/03/10 - 22:53:49 | 200 |  11.54ms |             ::1 | GET      "/api/db/receivables"
[GIN] 2026/03/10 - 22:53:49 | 200 |    558µs |             ::1 | GET      "/api/db/receivables"
[GIN] 2026/03/10 - 22:53:49 | 200 |    558µs |             ::1 | GET      "/api/auth/users"
[GIN] 2026/03/10 - 22:53:49 | 200 |      4ms |             ::1 | GET      "/api/db/enterprises"
[GIN] 2026/03/10 - 22:53:58 | 200 | 310.57ms |             ::1 | POST     "/api/business/enterprise/register"
[GIN] 2026/03/10 - 22:53:58 | 200 |  619.6µs |             ::1 | GET      "/api/db/enterprises"
[GIN] 2026/03/10 - 22:54:10 | 200 |  26.55ms |             ::1 | POST     "/api/ipfs/upload"
[GIN] 2026/03/10 - 22:54:15 | 200 | 398.05ms |             ::1 | POST     "/api/business/receivable/issue"
[GIN] 2026/03/10 - 22:54:15 | 200 |  717.3µs |             ::1 | GET      "/api/db/receivables"
[GIN] 2026/03/10 - 22:54:15 | 200 |  649.9µs |             ::1 | GET      "/api/db/receivables/R-1773154429824"
[GIN] 2026/03/10 - 22:54:25 | 200 |  665.5µs |             ::1 | GET      "/api/db/enterprises"
[GIN] 2026/03/10 - 22:54:25 | 200 |   1.18ms |             ::1 | GET      "/api/db/receivables"
[GIN] 2026/03/10 - 22:54:25 | 200 |   1.17ms |             ::1 | GET      "/api/db/documents"
[GIN] 2026/03/10 - 22:54:25 | 200 |  753.1µs |             ::1 | GET      "/api/db/receivables"
[GIN] 2026/03/10 - 22:54:26 | 200 |  546.2µs |             ::1 | GET      "/api/db/enterprises"
[GIN] 2026/03/10 - 22:54:26 | 200 |  638.7µs |             ::1 | GET      "/api/db/receivables"
[GIN] 2026/03/10 - 22:54:26 | 200 |   1.17ms |             ::1 | GET      "/api/db/documents"
[GIN] 2026/03/10 - 22:54:26 | 200 |  545.4µs |             ::1 | GET      "/api/auth/users"
[GIN] 2026/03/10 - 22:54:26 | 200 |   1.05ms |             ::1 | GET      "/api/db/receivables"
[GIN] 2026/03/10 - 22:54:26 | 200 |   8.59ms |             ::1 | GET      "/api/db/enterprises"
[GIN] 2026/03/10 - 22:54:44 | 200 |  30.76ms |             ::1 | POST     "/api/ipfs/upload"
[GIN] 2026/03/10 - 22:54:45 | 200 | 382.61ms |             ::1 | POST     "/api/business/receivable/issue"
[GIN] 2026/03/10 - 22:54:45 | 200 |  616.9µs |             ::1 | GET      "/api/db/receivables"
[GIN] 2026/03/10 - 22:54:45 | 200 |  629.9µs |             ::1 | GET      "/api/db/receivables/R-1773154466625"
[GIN] 2026/03/10 - 22:54:48 | 200 |  184.1ms |             ::1 | POST     "/api/business/receivable/confirm"
[GIN] 2026/03/10 - 22:54:48 | 200 |  768.9µs |             ::1 | GET      "/api/db/receivables"
[GIN] 2026/03/10 - 22:54:48 | 200 |  845.1µs |             ::1 | GET      "/api/db/receivables/R-1773154466625"
[GIN] 2026/03/10 - 22:55:01 | 200 | 179.34ms |             ::1 | POST     "/api/business/receivable/settle"
[GIN] 2026/03/10 - 22:55:01 | 200 |    1.2ms |             ::1 | GET      "/api/db/receivables"
[GIN] 2026/03/10 - 22:55:01 | 200 |  636.9µs |             ::1 | GET      "/api/db/receivables/R-1773154466625"
[GIN] 2026/03/10 - 22:55:04 | 200 |    1.2ms |             ::1 | GET      "/api/db/enterprises"
[GIN] 2026/03/10 - 22:55:04 | 200 |  550.1µs |             ::1 | GET      "/api/db/receivables"
[GIN] 2026/03/10 - 22:55:04 | 200 |   1.42ms |             ::1 | GET      "/api/db/documents"
[GIN] 2026/03/10 - 22:55:04 | 200 |   1.09ms |             ::1 | GET      "/api/db/receivables"
[GIN] 2026/03/10 - 22:55:05 | 200 |   1.26ms |             ::1 | GET      "/api/db/enterprises"
[GIN] 2026/03/10 - 22:55:05 | 200 |   1.07ms |             ::1 | GET      "/api/db/receivables"
[GIN] 2026/03/10 - 22:55:05 | 200 |   2.19ms |             ::1 | GET      "/api/db/documents"
[GIN] 2026/03/10 - 22:55:05 | 200 |  854.5µs |             ::1 | GET      "/api/auth/users"
[GIN] 2026/03/10 - 22:55:05 | 200 |   2.03ms |             ::1 | GET      "/api/db/receivables"
[GIN] 2026/03/10 - 22:55:05 | 200 |   7.43ms |             ::1 | GET      "/api/db/enterprises"
[GIN] 2026/03/10 - 22:55:06 | 200 |   1.54ms |             ::1 | GET      "/api/db/enterprises"
[GIN] 2026/03/10 - 22:55:06 | 200 |  742.9µs |             ::1 | GET      "/api/db/receivables"
[GIN] 2026/03/10 - 22:55:06 | 200 |  742.9µs |             ::1 | GET      "/api/db/documents"
[GIN] 2026/03/10 - 22:55:06 | 200 |  608.1µs |             ::1 | GET      "/api/db/receivables"
[GIN] 2026/03/10 - 22:55:06 | 200 |  608.1µs |             ::1 | GET      "/api/db/documents"
[GIN] 2026/03/10 - 22:55:07 | 200 |   1.33ms |             ::1 | GET      "/api/db/enterprises"
[GIN] 2026/03/10 - 22:55:07 | 200 |  734.1µs |             ::1 | GET      "/api/db/receivables"
[GIN] 2026/03/10 - 22:55:07 | 200 |   1.28ms |             ::1 | GET      "/api/db/documents"
[GIN] 2026/03/10 - 22:55:07 | 200 |  683.3µs |             ::1 | GET      "/api/db/receivables"
[GIN] 2026/03/10 - 22:55:08 | 200 |  545.4µs |             ::1 | GET      "/api/db/enterprises"
[GIN] 2026/03/10 - 22:55:08 | 200 |   1.11ms |             ::1 | GET      "/api/db/receivables"
[GIN] 2026/03/10 - 22:55:08 | 200 |   1.62ms |             ::1 | GET      "/api/db/documents"
[GIN] 2026/03/10 - 22:55:08 | 200 |  532.2µs |             ::1 | GET      "/api/db/receivables"
[GIN] 2026/03/10 - 22:55:08 | 200 |   1.11ms |             ::1 | GET      "/api/db/documents"
[GIN] 2026/03/10 - 22:55:12 | 200 |  971.7µs |             ::1 | GET      "/api/db/enterprises"
[GIN] 2026/03/10 - 22:55:12 | 200 |  620.2µs |             ::1 | GET      "/api/db/receivables"
[GIN] 2026/03/10 - 22:55:12 | 200 |    1.2ms |             ::1 | GET      "/api/db/documents"
[GIN] 2026/03/10 - 22:55:12 | 200 |  558.2µs |             ::1 | GET      "/api/db/receivables"
[GIN] 2026/03/10 - 22:55:15 | 200 |   1.13ms |             ::1 | GET      "/api/db/enterprises"
[GIN] 2026/03/10 - 22:55:15 | 200 |    578µs |             ::1 | GET      "/api/db/receivables"
[GIN] 2026/03/10 - 22:55:15 | 200 |   1.15ms |             ::1 | GET      "/api/db/documents"
[GIN] 2026/03/10 - 22:55:15 | 200 |  540.8µs |             ::1 | GET      "/api/auth/users"
[GIN] 2026/03/10 - 22:55:15 | 200 |    1.1ms |             ::1 | GET      "/api/db/receivables"
[GIN] 2026/03/10 - 22:55:15 | 200 |   9.76ms |             ::1 | GET      "/api/db/enterprises"
[GIN-debug] [WARNING] Running in "debug" mode. Switch to "release" mode in production.
 - using env:	export GIN_MODE=release
 - using code:	gin.SetMode(gin.ReleaseMode)

[GIN-debug] GET    /health                   --> backend/router.RegisterRoutes.func1 (5 handlers)
[GIN-debug] GET    /workflow/public/stats    --> backend/middleware.GetStats (5 handlers)
[GIN-debug] POST   /api/auth/register        --> backend/router.UserRegister (5 handlers)
[GIN-debug] POST   /api/auth/login           --> backend/router.UserLogin (5 handlers)
[GIN-debug] GET    /api/auth/users           --> backend/router.ListUsers (5 handlers)
[GIN-debug] POST   /api/enterprise/register  --> backend/router.RegisterEnterprise (6 handlers)
[GIN-debug] GET    /api/enterprise           --> backend/router.ListEnterprises (5 handlers)
[GIN-debug] GET    /api/enterprise/:address  --> backend/router.GetEnterpriseByAddress (5 handlers)
[GIN-debug] POST   /api/receivable/issue     --> backend/router.IssueReceivable (6 handlers)
[GIN-debug] POST   /api/receivable/confirm   --> backend/router.ConfirmReceivable (6 handlers)
[GIN-debug] POST   /api/receivable/finance   --> backend/router.RecordFinancing (6 handlers)
[GIN-debug] POST   /api/receivable/settle    --> backend/router.RecordSettlement (6 handlers)
[GIN-debug] GET    /api/receivable           --> backend/router.ListReceivables (5 handlers)
[GIN-debug] GET    /api/receivable/:id       --> backend/router.GetReceivableByID (5 handlers)
[GIN-debug] GET    /api/receivable/:id/financing --> backend/router.GetFinancingByReceivable (5 handlers)
[GIN-debug] POST   /api/business/enterprise/register --> backend/router.RegisterEnterprise (6 handlers)
[GIN-debug] POST   /api/business/receivable/issue --> backend/router.IssueReceivable (6 handlers)
[GIN-debug] POST   /api/business/receivable/confirm --> backend/router.ConfirmReceivable (6 handlers)
[GIN-debug] POST   /api/business/receivable/settle --> backend/router.RecordSettlement (6 handlers)
[GIN-debug] GET    /api/business/receivable/:id --> backend/router.GetReceivableByID (6 handlers)
[GIN-debug] GET    /api/business/receivables --> backend/router.ListReceivables (6 handlers)
[GIN-debug] POST   /api/finance/receivable/finance --> backend/router.RecordFinancing (6 handlers)
[GIN-debug] GET    /api/finance/receivable/:id --> backend/router.GetReceivableByID (6 handlers)
[GIN-debug] GET    /api/finance/receivable/:id/financing --> backend/router.GetFinancingByReceivable (6 handlers)
[GIN-debug] GET    /api/finance/receivables  --> backend/router.ListReceivables (6 handlers)
[GIN-debug] GET    /api/dashboard/overview   --> backend/router.GetOverview (5 handlers)
[GIN-debug] GET    /api/tx-logs              --> backend/router.GetRecentTxLogs (5 handlers)
[GIN-debug] GET    /api/chain/stats          --> backend/router.GetChainStats (6 handlers)
[GIN-debug] POST   /api/ai/chat              --> backend/router.ChatAssistant (6 handlers)
[GIN-debug] POST   /api/ipfs/upload          --> backend/router.FileUpload (6 handlers)
[GIN-debug] GET    /api/db/dashboard/overview --> backend/router.GetDBOverview (5 handlers)
[GIN-debug] GET    /api/db/enterprises       --> backend/router.ListDBEnterprises (5 handlers)
[GIN-debug] GET    /api/db/receivables       --> backend/router.ListDBReceivables (5 handlers)
[GIN-debug] GET    /api/db/receivables/:id   --> backend/router.GetDBReceivableByID (5 handlers)
[GIN-debug] GET    /api/db/receivables/:id/financing --> backend/router.ListDBFinancingByReceivable (5 handlers)
[GIN-debug] GET    /api/db/documents         --> backend/router.ListDBDocuments (5 handlers)
[GIN-debug] GET    /assets/*filepath         --> github.com/gin-gonic/gin.(*RouterGroup).createStaticHandler.func1 (5 handlers)
[GIN-debug] HEAD   /assets/*filepath         --> github.com/gin-gonic/gin.(*RouterGroup).createStaticHandler.func1 (5 handlers)
[GIN-debug] [WARNING] You trusted all proxies, this is NOT safe. We recommend you to set a value.
Please check https://github.com/gin-gonic/gin/blob/master/docs/doc.md#dont-trust-all-proxies for details.
[GIN-debug] Listening and serving HTTP on :8888
[GIN] 2026/03/10 - 22:56:24 | 200 |   46.6ms |             ::1 | POST     "/api/ipfs/upload"
[GIN] 2026/03/10 - 22:56:25 | 200 | 191.09ms |             ::1 | POST     "/api/business/receivable/issue"
[GIN] 2026/03/10 - 22:56:25 | 200 |   1.19ms |             ::1 | GET      "/api/db/receivables"
[GIN] 2026/03/10 - 22:56:25 | 200 |    565µs |             ::1 | GET      "/api/db/receivables/R-1773154515255"
[GIN] 2026/03/10 - 22:56:29 | 200 | 154.24ms |             ::1 | POST     "/api/business/receivable/confirm"
[GIN] 2026/03/10 - 22:56:29 | 200 |  572.4µs |             ::1 | GET      "/api/db/receivables"
[GIN] 2026/03/10 - 22:56:29 | 200 |  524.3µs |             ::1 | GET      "/api/db/receivables/R-1773154515255"
[GIN] 2026/03/10 - 22:56:31 | 200 | 147.15ms |             ::1 | POST     "/api/business/receivable/settle"
[GIN] 2026/03/10 - 22:56:31 | 200 |  709.9µs |             ::1 | GET      "/api/db/receivables"
[GIN] 2026/03/10 - 22:56:31 | 200 |  559.1µs |             ::1 | GET      "/api/db/receivables/R-1773154515255"
[GIN] 2026/03/10 - 22:56:33 | 200 |   1.09ms |             ::1 | GET      "/api/db/enterprises"
[GIN] 2026/03/10 - 22:56:33 | 200 |    1.1ms |             ::1 | GET      "/api/db/documents"
[GIN] 2026/03/10 - 22:56:33 | 200 |     11ms |             ::1 | GET      "/api/db/receivables"
[GIN] 2026/03/10 - 22:56:33 | 200 |    570µs |             ::1 | GET      "/api/db/receivables"
[GIN] 2026/03/10 - 22:56:36 | 200 |   1.68ms |             ::1 | GET      "/api/db/enterprises"
[GIN] 2026/03/10 - 22:56:36 | 200 |  967.5µs |             ::1 | GET      "/api/db/receivables"
[GIN] 2026/03/10 - 22:56:36 | 200 |   1.63ms |             ::1 | GET      "/api/db/documents"
[GIN] 2026/03/10 - 22:56:36 | 200 |    539µs |             ::1 | GET      "/api/auth/users"
[GIN] 2026/03/10 - 22:56:36 | 200 |    539µs |             ::1 | GET      "/api/db/receivables"
[GIN] 2026/03/10 - 22:56:36 | 200 |   3.92ms |             ::1 | GET      "/api/db/enterprises"
[GIN-debug] [WARNING] Running in "debug" mode. Switch to "release" mode in production.
 - using env:	export GIN_MODE=release
 - using code:	gin.SetMode(gin.ReleaseMode)

[GIN-debug] GET    /health                   --> backend/router.RegisterRoutes.func1 (5 handlers)
[GIN-debug] GET    /workflow/public/stats    --> backend/middleware.GetStats (5 handlers)
[GIN-debug] POST   /api/auth/register        --> backend/router.UserRegister (5 handlers)
[GIN-debug] POST   /api/auth/login           --> backend/router.UserLogin (5 handlers)
[GIN-debug] GET    /api/auth/users           --> backend/router.ListUsers (5 handlers)
[GIN-debug] POST   /api/enterprise/register  --> backend/router.RegisterEnterprise (6 handlers)
[GIN-debug] GET    /api/enterprise           --> backend/router.ListEnterprises (5 handlers)
[GIN-debug] GET    /api/enterprise/:address  --> backend/router.GetEnterpriseByAddress (5 handlers)
[GIN-debug] POST   /api/receivable/issue     --> backend/router.IssueReceivable (6 handlers)
[GIN-debug] POST   /api/receivable/confirm   --> backend/router.ConfirmReceivable (6 handlers)
[GIN-debug] POST   /api/receivable/finance   --> backend/router.RecordFinancing (6 handlers)
[GIN-debug] POST   /api/receivable/settle    --> backend/router.RecordSettlement (6 handlers)
[GIN-debug] GET    /api/receivable           --> backend/router.ListReceivables (5 handlers)
[GIN-debug] GET    /api/receivable/:id       --> backend/router.GetReceivableByID (5 handlers)
[GIN-debug] GET    /api/receivable/:id/financing --> backend/router.GetFinancingByReceivable (5 handlers)
[GIN-debug] POST   /api/business/enterprise/register --> backend/router.RegisterEnterprise (6 handlers)
[GIN-debug] POST   /api/business/receivable/issue --> backend/router.IssueReceivable (6 handlers)
[GIN-debug] POST   /api/business/receivable/confirm --> backend/router.ConfirmReceivable (6 handlers)
[GIN-debug] POST   /api/business/receivable/settle --> backend/router.RecordSettlement (6 handlers)
[GIN-debug] GET    /api/business/receivable/:id --> backend/router.GetReceivableByID (6 handlers)
[GIN-debug] GET    /api/business/receivables --> backend/router.ListReceivables (6 handlers)
[GIN-debug] POST   /api/finance/receivable/finance --> backend/router.RecordFinancing (6 handlers)
[GIN-debug] GET    /api/finance/receivable/:id --> backend/router.GetReceivableByID (6 handlers)
[GIN-debug] GET    /api/finance/receivable/:id/financing --> backend/router.GetFinancingByReceivable (6 handlers)
[GIN-debug] GET    /api/finance/receivables  --> backend/router.ListReceivables (6 handlers)
[GIN-debug] GET    /api/dashboard/overview   --> backend/router.GetOverview (5 handlers)
[GIN-debug] GET    /api/tx-logs              --> backend/router.GetRecentTxLogs (5 handlers)
[GIN-debug] GET    /api/chain/stats          --> backend/router.GetChainStats (6 handlers)
[GIN-debug] POST   /api/ai/chat              --> backend/router.ChatAssistant (6 handlers)
[GIN-debug] POST   /api/ipfs/upload          --> backend/router.FileUpload (6 handlers)
[GIN-debug] GET    /api/db/dashboard/overview --> backend/router.GetDBOverview (5 handlers)
[GIN-debug] GET    /api/db/enterprises       --> backend/router.ListDBEnterprises (5 handlers)
[GIN-debug] GET    /api/db/receivables       --> backend/router.ListDBReceivables (5 handlers)
[GIN-debug] GET    /api/db/receivables/:id   --> backend/router.GetDBReceivableByID (5 handlers)
[GIN-debug] GET    /api/db/receivables/:id/financing --> backend/router.ListDBFinancingByReceivable (5 handlers)
[GIN-debug] GET    /api/db/documents         --> backend/router.ListDBDocuments (5 handlers)
[GIN-debug] GET    /assets/*filepath         --> github.com/gin-gonic/gin.(*RouterGroup).createStaticHandler.func1 (5 handlers)
[GIN-debug] HEAD   /assets/*filepath         --> github.com/gin-gonic/gin.(*RouterGroup).createStaticHandler.func1 (5 handlers)
[GIN-debug] [WARNING] You trusted all proxies, this is NOT safe. We recommend you to set a value.
Please check https://github.com/gin-gonic/gin/blob/master/docs/doc.md#dont-trust-all-proxies for details.
[GIN-debug] Listening and serving HTTP on :8888
[GIN] 2026/03/10 - 23:03:46 | 200 | 638.05ms |             ::1 | POST     "/api/auth/login"
[GIN] 2026/03/10 - 23:03:46 | 200 |    587µs |             ::1 | GET      "/api/db/enterprises"
[GIN] 2026/03/10 - 23:03:46 | 200 |   1.09ms |             ::1 | GET      "/api/db/receivables"
[GIN] 2026/03/10 - 23:03:46 | 200 |   9.43ms |             ::1 | GET      "/api/db/documents"
[GIN] 2026/03/10 - 23:03:46 | 200 |    1.8ms |             ::1 | GET      "/api/auth/users"
[GIN] 2026/03/10 - 23:03:46 | 200 |   2.91ms |             ::1 | GET      "/api/db/receivables"
[GIN] 2026/03/10 - 23:03:46 | 200 |   7.09ms |             ::1 | GET      "/api/db/enterprises"
[GIN] 2026/03/10 - 23:03:57 | 409 | 230.44ms |             ::1 | POST     "/api/business/enterprise/register"
[GIN] 2026/03/10 - 23:04:06 | 200 |   22.1ms |             ::1 | POST     "/api/ipfs/upload"
[GIN] 2026/03/10 - 23:04:08 | 200 |  96.41ms |             ::1 | POST     "/api/business/receivable/issue"
[GIN] 2026/03/10 - 23:04:08 | 200 |    1.4ms |             ::1 | GET      "/api/db/receivables"
[GIN] 2026/03/10 - 23:04:08 | 200 |   2.22ms |             ::1 | GET      "/api/db/receivables/R-1773155026927"
[GIN] 2026/03/10 - 23:04:13 | 200 |   1.37ms |             ::1 | GET      "/api/db/enterprises"
[GIN] 2026/03/10 - 23:04:13 | 200 |   1.13ms |             ::1 | GET      "/api/db/receivables"
[GIN] 2026/03/10 - 23:04:13 | 200 |  572.7µs |             ::1 | GET      "/api/db/documents"
[GIN] 2026/03/10 - 23:04:13 | 200 |  628.2µs |             ::1 | GET      "/api/db/receivables"
[GIN] 2026/03/10 - 23:04:20 | 200 | 501.07ms |             ::1 | POST     "/api/receivable/confirm"
[GIN] 2026/03/10 - 23:04:20 | 200 |   1.16ms |             ::1 | GET      "/api/db/receivables"
[GIN] 2026/03/10 - 23:04:20 | 200 |  538.9µs |             ::1 | GET      "/api/db/receivables/R-1773155026927"
[GIN] 2026/03/10 - 23:09:00 | 200 |   1.71ms |             ::1 | GET      "/api/db/enterprises"
[GIN] 2026/03/10 - 23:09:00 | 200 |   1.44ms |             ::1 | GET      "/api/db/receivables"
[GIN] 2026/03/10 - 23:09:00 | 200 |   2.04ms |             ::1 | GET      "/api/db/documents"
[GIN] 2026/03/10 - 23:09:00 | 200 |   1.11ms |             ::1 | GET      "/api/db/documents"
[GIN] 2026/03/10 - 23:09:00 | 200 |  630.8µs |             ::1 | GET      "/api/db/receivables"
[GIN] 2026/03/10 - 23:10:11 | 200 |  579.3µs |             ::1 | GET      "/api/db/enterprises"
[GIN] 2026/03/10 - 23:10:11 | 200 |   1.24ms |             ::1 | GET      "/api/db/receivables"
[GIN] 2026/03/10 - 23:10:11 | 200 |   1.86ms |             ::1 | GET      "/api/db/documents"
[GIN] 2026/03/10 - 23:10:11 | 200 |  991.2µs |             ::1 | GET      "/api/db/receivables"
[GIN] 2026/03/10 - 23:10:14 | 200 |   1.25ms |             ::1 | GET      "/api/db/receivables/R-1773155026927"
[GIN] 2026/03/10 - 23:10:18 | 200 |   1.52ms |             ::1 | GET      "/api/db/receivables/R-1773155026927"
[GIN] 2026/03/10 - 23:10:20 | 200 |     84ms |             ::1 | POST     "/api/receivable/settle"
[GIN] 2026/03/10 - 23:10:20 | 200 |    1.2ms |             ::1 | GET      "/api/db/receivables"
[GIN] 2026/03/10 - 23:10:20 | 200 |   1.06ms |             ::1 | GET      "/api/db/receivables/R-1773155026927"
[GIN] 2026/03/10 - 23:10:25 | 200 |      1ms |             ::1 | GET      "/api/db/enterprises"
[GIN] 2026/03/10 - 23:10:25 | 200 |  564.2µs |             ::1 | GET      "/api/db/receivables"
[GIN] 2026/03/10 - 23:10:25 | 200 |   1.08ms |             ::1 | GET      "/api/db/documents"
[GIN] 2026/03/10 - 23:10:26 | 200 |  580.4µs |             ::1 | GET      "/api/db/receivables"
[GIN] 2026/03/10 - 23:10:26 | 200 |   1.15ms |             ::1 | GET      "/api/db/enterprises"
[GIN] 2026/03/10 - 23:10:26 | 200 |   9.07ms |             ::1 | GET      "/api/auth/users"
[GIN] 2026/03/10 - 23:10:26 | 200 |  596.2µs |             ::1 | GET      "/api/db/enterprises"
[GIN] 2026/03/10 - 23:10:26 | 200 |   1.53ms |             ::1 | GET      "/api/db/documents"
[GIN] 2026/03/10 - 23:10:26 | 200 |   2.67ms |             ::1 | GET      "/api/db/receivables"
[GIN] 2026/03/10 - 23:10:26 | 200 |  12.95ms |             ::1 | GET      "/api/db/dashboard/overview"
[GIN] 2026/03/10 - 23:10:26 | 200 | 137.46ms |             ::1 | GET      "/api/chain/stats"
[GIN] 2026/03/10 - 23:17:00 | 200 |  931.9µs |             ::1 | GET      "/api/db/enterprises"
[GIN] 2026/03/10 - 23:17:00 | 200 |   1.51ms |             ::1 | GET      "/api/db/receivables"
[GIN] 2026/03/10 - 23:17:00 | 200 |   1.21ms |             ::1 | GET      "/api/db/documents"
[GIN] 2026/03/10 - 23:17:00 | 200 |  559.5µs |             ::1 | GET      "/api/auth/users"
[GIN] 2026/03/10 - 23:17:00 | 200 |    1.1ms |             ::1 | GET      "/api/db/receivables"
[GIN] 2026/03/10 - 23:17:00 | 200 |   9.38ms |             ::1 | GET      "/api/db/enterprises"
[GIN] 2026/03/10 - 23:17:01 | 200 |  567.6µs |             ::1 | GET      "/api/db/enterprises"
[GIN] 2026/03/10 - 23:17:01 | 200 |   1.14ms |             ::1 | GET      "/api/db/receivables"
[GIN] 2026/03/10 - 23:17:01 | 200 |  715.2µs |             ::1 | GET      "/api/db/documents"
[GIN] 2026/03/10 - 23:17:01 | 200 |  621.7µs |             ::1 | GET      "/api/db/receivables"
[GIN] 2026/03/10 - 23:17:02 | 200 |  564.9µs |             ::1 | GET      "/api/db/enterprises"
[GIN] 2026/03/10 - 23:17:02 | 200 |   1.41ms |             ::1 | GET      "/api/db/receivables"
[GIN] 2026/03/10 - 23:17:02 | 200 |  863.6µs |             ::1 | GET      "/api/db/documents"
[GIN] 2026/03/10 - 23:17:02 | 200 |  654.7µs |             ::1 | GET      "/api/db/receivables"
[GIN] 2026/03/10 - 23:17:02 | 200 |  654.7µs |             ::1 | GET      "/api/db/documents"
[GIN] 2026/03/10 - 23:17:03 | 200 |    1.1ms |             ::1 | GET      "/api/db/enterprises"
[GIN] 2026/03/10 - 23:17:03 | 200 |   1.11ms |             ::1 | GET      "/api/db/documents"
[GIN] 2026/03/10 - 23:17:03 | 200 |   1.63ms |             ::1 | GET      "/api/db/receivables"
[GIN] 2026/03/10 - 23:17:03 | 200 |  720.3µs |             ::1 | GET      "/api/db/receivables"
[GIN] 2026/03/10 - 23:17:06 | 200 |   1.24ms |             ::1 | GET      "/api/db/enterprises"
[GIN] 2026/03/10 - 23:17:06 | 200 |  628.2µs |             ::1 | GET      "/api/db/receivables"
[GIN] 2026/03/10 - 23:17:06 | 200 |   1.14ms |             ::1 | GET      "/api/db/documents"
[GIN] 2026/03/10 - 23:17:06 | 200 |  551.8µs |             ::1 | GET      "/api/auth/users"
[GIN] 2026/03/10 - 23:17:06 | 200 |   1.09ms |             ::1 | GET      "/api/db/receivables"
[GIN] 2026/03/10 - 23:17:06 | 200 |   9.24ms |             ::1 | GET      "/api/db/enterprises"
[GIN] 2026/03/10 - 23:17:46 | 200 |  701.1µs |             ::1 | GET      "/api/db/enterprises"
[GIN] 2026/03/10 - 23:17:46 | 200 |   1.31ms |             ::1 | GET      "/api/db/receivables"
[GIN] 2026/03/10 - 23:17:46 | 200 |   1.31ms |             ::1 | GET      "/api/db/documents"
[GIN] 2026/03/10 - 23:17:46 | 200 |   1.86ms |             ::1 | GET      "/api/db/dashboard/overview"
[GIN] 2026/03/10 - 23:17:47 | 200 | 212.44ms |             ::1 | GET      "/api/chain/stats"
[GIN] 2026/03/10 - 23:17:59 | 200 |   6.05ms |             ::1 | GET      "/api/tx-logs?page=1&pageSize=30"
[GIN] 2026/03/10 - 23:17:59 | 200 |   7.27ms |             ::1 | GET      "/api/db/dashboard/overview"
[GIN] 2026/03/10 - 23:17:59 | 200 | 125.46ms |             ::1 | GET      "/api/chain/stats"
[GIN] 2026/03/10 - 23:18:25 | 200 | 103.73ms |             ::1 | GET      "/api/tx-logs/0xcb1c65e367df331602fbe3c629ebcd8f155e1efb36152f5a063874105fa43fae/analyze"
[GIN] 2026/03/10 - 23:18:42 | 200 |   1.32ms |             ::1 | GET      "/api/db/enterprises"
[GIN] 2026/03/10 - 23:18:42 | 200 |   1.15ms |             ::1 | GET      "/api/db/receivables"
[GIN] 2026/03/10 - 23:18:42 | 200 |   1.15ms |             ::1 | GET      "/api/db/documents"
[GIN] 2026/03/10 - 23:18:42 | 200 |   1.13ms |             ::1 | GET      "/api/auth/users"
[GIN] 2026/03/10 - 23:18:42 | 200 |   1.75ms |             ::1 | GET      "/api/db/receivables"
[GIN] 2026/03/10 - 23:18:42 | 200 |  18.11ms |             ::1 | GET      "/api/db/enterprises"
[GIN] 2026/03/10 - 23:18:44 | 200 |   1.22ms |             ::1 | GET      "/api/db/enterprises"
[GIN] 2026/03/10 - 23:18:44 | 200 |   1.16ms |             ::1 | GET      "/api/db/receivables"
[GIN] 2026/03/10 - 23:18:44 | 200 |   1.14ms |             ::1 | GET      "/api/db/documents"
[GIN] 2026/03/10 - 23:18:45 | 200 |   1.11ms |             ::1 | GET      "/api/tx-logs?page=1&pageSize=30"
[GIN] 2026/03/10 - 23:18:45 | 200 |   3.97ms |             ::1 | GET      "/api/db/dashboard/overview"
[GIN] 2026/03/10 - 23:18:45 | 200 |  129.8ms |             ::1 | GET      "/api/chain/stats"
[GIN-debug] [WARNING] Running in "debug" mode. Switch to "release" mode in production.
 - using env:	export GIN_MODE=release
 - using code:	gin.SetMode(gin.ReleaseMode)

[GIN-debug] GET    /health                   --> backend/router.RegisterRoutes.func1 (5 handlers)
[GIN-debug] GET    /workflow/public/stats    --> backend/middleware.GetStats (5 handlers)
[GIN-debug] POST   /api/auth/register        --> backend/router.UserRegister (5 handlers)
[GIN-debug] POST   /api/auth/login           --> backend/router.UserLogin (5 handlers)
[GIN-debug] GET    /api/auth/users           --> backend/router.ListUsers (5 handlers)
[GIN-debug] POST   /api/enterprise/register  --> backend/router.RegisterEnterprise (6 handlers)
[GIN-debug] GET    /api/enterprise           --> backend/router.ListEnterprises (5 handlers)
[GIN-debug] GET    /api/enterprise/:address  --> backend/router.GetEnterpriseByAddress (5 handlers)
[GIN-debug] POST   /api/receivable/issue     --> backend/router.IssueReceivable (6 handlers)
[GIN-debug] POST   /api/receivable/confirm   --> backend/router.ConfirmReceivable (6 handlers)
[GIN-debug] POST   /api/receivable/finance   --> backend/router.RecordFinancing (6 handlers)
[GIN-debug] POST   /api/receivable/settle    --> backend/router.RecordSettlement (6 handlers)
[GIN-debug] GET    /api/receivable           --> backend/router.ListReceivables (5 handlers)
[GIN-debug] GET    /api/receivable/:id       --> backend/router.GetReceivableByID (5 handlers)
[GIN-debug] GET    /api/receivable/:id/financing --> backend/router.GetFinancingByReceivable (5 handlers)
[GIN-debug] POST   /api/business/enterprise/register --> backend/router.RegisterEnterprise (6 handlers)
[GIN-debug] POST   /api/business/receivable/issue --> backend/router.IssueReceivable (6 handlers)
[GIN-debug] POST   /api/business/receivable/confirm --> backend/router.ConfirmReceivable (6 handlers)
[GIN-debug] POST   /api/business/receivable/settle --> backend/router.RecordSettlement (6 handlers)
[GIN-debug] GET    /api/business/receivable/:id --> backend/router.GetReceivableByID (6 handlers)
[GIN-debug] GET    /api/business/receivables --> backend/router.ListReceivables (6 handlers)
[GIN-debug] POST   /api/finance/receivable/finance --> backend/router.RecordFinancing (6 handlers)
[GIN-debug] GET    /api/finance/receivable/:id --> backend/router.GetReceivableByID (6 handlers)
[GIN-debug] GET    /api/finance/receivable/:id/financing --> backend/router.GetFinancingByReceivable (6 handlers)
[GIN-debug] GET    /api/finance/receivables  --> backend/router.ListReceivables (6 handlers)
[GIN-debug] GET    /api/dashboard/overview   --> backend/router.GetOverview (5 handlers)
[GIN-debug] GET    /api/tx-logs              --> backend/router.GetRecentTxLogs (5 handlers)
[GIN-debug] GET    /api/tx-logs/:hash/analyze --> backend/router.AnalyzeTxHash (6 handlers)
[GIN-debug] GET    /api/chain/stats          --> backend/router.GetChainStats (6 handlers)
[GIN-debug] POST   /api/ai/chat              --> backend/router.ChatAssistant (6 handlers)
[GIN-debug] POST   /api/ipfs/upload          --> backend/router.FileUpload (6 handlers)
[GIN-debug] GET    /api/db/dashboard/overview --> backend/router.GetDBOverview (5 handlers)
[GIN-debug] GET    /api/db/enterprises       --> backend/router.ListDBEnterprises (5 handlers)
[GIN-debug] GET    /api/db/receivables       --> backend/router.ListDBReceivables (5 handlers)
[GIN-debug] GET    /api/db/receivables/:id   --> backend/router.GetDBReceivableByID (5 handlers)
[GIN-debug] GET    /api/db/receivables/:id/financing --> backend/router.ListDBFinancingByReceivable (5 handlers)
[GIN-debug] GET    /api/db/documents         --> backend/router.ListDBDocuments (5 handlers)
[GIN-debug] GET    /assets/*filepath         --> github.com/gin-gonic/gin.(*RouterGroup).createStaticHandler.func1 (5 handlers)
[GIN-debug] HEAD   /assets/*filepath         --> github.com/gin-gonic/gin.(*RouterGroup).createStaticHandler.func1 (5 handlers)
[GIN-debug] [WARNING] You trusted all proxies, this is NOT safe. We recommend you to set a value.
Please check https://github.com/gin-gonic/gin/blob/master/docs/doc.md#dont-trust-all-proxies for details.
[GIN-debug] Listening and serving HTTP on :8888
[GIN] 2026/03/10 - 23:20:27 | 200 |  72.08ms |             ::1 | GET      "/api/tx-logs/0xcb1c65e367df331602fbe3c629ebcd8f155e1efb36152f5a063874105fa43fae/analyze"
[GIN] 2026/03/10 - 23:20:31 | 200 |  57.36ms |             ::1 | GET      "/api/tx-logs/0x180ceea90f4d4ec13eba652246afb3e2d9f40f64db36f015f08eef64bd682909/analyze"
[GIN] 2026/03/10 - 23:20:38 | 200 |    821µs |             ::1 | GET      "/api/db/enterprises"
[GIN] 2026/03/10 - 23:20:38 | 200 |  582.5µs |             ::1 | GET      "/api/db/receivables"
[GIN] 2026/03/10 - 23:20:38 | 200 |   8.58ms |             ::1 | GET      "/api/db/documents"
[GIN] 2026/03/10 - 23:20:38 | 200 |  560.8µs |             ::1 | GET      "/api/db/receivables"
[GIN] 2026/03/10 - 23:20:38 | 200 |  560.8µs |             ::1 | GET      "/api/db/documents"
[GIN] 2026/03/10 - 23:20:46 | 200 |   1.59ms |             ::1 | GET      "/api/db/enterprises"
[GIN] 2026/03/10 - 23:20:46 | 200 |   1.15ms |             ::1 | GET      "/api/db/documents"
[GIN] 2026/03/10 - 23:20:46 | 200 |   2.72ms |             ::1 | GET      "/api/db/receivables"
[GIN] 2026/03/10 - 23:20:46 | 200 |   1.28ms |             ::1 | GET      "/api/tx-logs?page=1&pageSize=30"
[GIN] 2026/03/10 - 23:20:46 | 200 |   3.06ms |             ::1 | GET      "/api/db/dashboard/overview"
[GIN] 2026/03/10 - 23:20:47 | 200 | 109.66ms |             ::1 | GET      "/api/chain/stats"
[GIN] 2026/03/10 - 23:20:47 | 200 |   1.37ms |             ::1 | GET      "/api/db/enterprises"
[GIN] 2026/03/10 - 23:20:47 | 200 |   1.54ms |             ::1 | GET      "/api/db/receivables"
[GIN] 2026/03/10 - 23:20:47 | 200 |   1.54ms |             ::1 | GET      "/api/db/documents"
[GIN] 2026/03/10 - 23:20:47 | 200 |  546.6µs |             ::1 | GET      "/api/auth/users"
[GIN] 2026/03/10 - 23:20:47 | 200 |   1.13ms |             ::1 | GET      "/api/db/receivables"
[GIN] 2026/03/10 - 23:20:47 | 200 |  10.39ms |             ::1 | GET      "/api/db/enterprises"
[GIN] 2026/03/10 - 23:20:48 | 200 |   2.27ms |             ::1 | GET      "/api/db/enterprises"
[GIN] 2026/03/10 - 23:20:48 | 200 |  626.4µs |             ::1 | GET      "/api/db/documents"
[GIN] 2026/03/10 - 23:20:48 | 200 |    1.2ms |             ::1 | GET      "/api/db/receivables"
[GIN] 2026/03/10 - 23:20:48 | 200 |  633.1µs |             ::1 | GET      "/api/db/receivables"
[GIN] 2026/03/10 - 23:20:49 | 200 |   1.55ms |             ::1 | GET      "/api/db/enterprises"
[GIN] 2026/03/10 - 23:20:49 | 200 |   1.24ms |             ::1 | GET      "/api/db/receivables"
[GIN] 2026/03/10 - 23:20:49 | 200 |  602.2µs |             ::1 | GET      "/api/db/documents"
[GIN] 2026/03/10 - 23:20:49 | 200 |  566.5µs |             ::1 | GET      "/api/auth/users"
[GIN] 2026/03/10 - 23:20:49 | 200 |  566.5µs |             ::1 | GET      "/api/db/receivables"
[GIN] 2026/03/10 - 23:20:49 | 200 |   3.57ms |             ::1 | GET      "/api/db/enterprises"
[GIN] 2026/03/10 - 23:20:56 | 200 |   1.22ms |             ::1 | GET      "/api/db/enterprises"
[GIN] 2026/03/10 - 23:20:56 | 200 |  657.9µs |             ::1 | GET      "/api/db/receivables"
[GIN] 2026/03/10 - 23:20:56 | 200 |   1.23ms |             ::1 | GET      "/api/db/documents"
[GIN] 2026/03/10 - 23:20:56 | 200 |   1.19ms |             ::1 | GET      "/api/tx-logs?page=1&pageSize=30"
[GIN] 2026/03/10 - 23:20:56 | 200 |   3.05ms |             ::1 | GET      "/api/db/dashboard/overview"
[GIN] 2026/03/10 - 23:20:56 | 200 | 106.83ms |             ::1 | GET      "/api/chain/stats"
[GIN] 2026/03/10 - 23:24:07 | 200 |   1.18ms |             ::1 | GET      "/api/db/enterprises"
[GIN] 2026/03/10 - 23:24:07 | 200 |    699µs |             ::1 | GET      "/api/db/documents"
[GIN] 2026/03/10 - 23:24:07 | 200 |   1.23ms |             ::1 | GET      "/api/db/receivables"
[GIN] 2026/03/10 - 23:24:08 | 200 |   1.39ms |             ::1 | GET      "/api/db/enterprises"
[GIN] 2026/03/10 - 23:24:08 | 200 |   1.18ms |             ::1 | GET      "/api/db/receivables"
[GIN] 2026/03/10 - 23:24:08 | 200 |   1.18ms |             ::1 | GET      "/api/db/documents"
[GIN] 2026/03/10 - 23:24:08 | 200 |   1.35ms |             ::1 | GET      "/api/db/documents"
[GIN] 2026/03/10 - 23:24:08 | 200 |   1.88ms |             ::1 | GET      "/api/db/receivables"
[GIN] 2026/03/10 - 23:24:09 | 200 |      1ms |             ::1 | GET      "/api/db/enterprises"
[GIN] 2026/03/10 - 23:24:09 | 200 |  767.4µs |             ::1 | GET      "/api/db/receivables"
[GIN] 2026/03/10 - 23:24:09 | 200 |   1.27ms |             ::1 | GET      "/api/db/documents"
[GIN] 2026/03/10 - 23:24:11 | 200 |   1.42ms |             ::1 | GET      "/api/db/enterprises"
[GIN] 2026/03/10 - 23:24:11 | 200 |  717.4µs |             ::1 | GET      "/api/db/documents"
[GIN] 2026/03/10 - 23:24:11 | 200 |   1.31ms |             ::1 | GET      "/api/db/receivables"
[GIN] 2026/03/10 - 23:24:11 | 200 |  687.5µs |             ::1 | GET      "/api/db/receivables"
[GIN] 2026/03/10 - 23:24:12 | 200 |  842.6µs |             ::1 | GET      "/api/db/enterprises"
[GIN] 2026/03/10 - 23:24:12 | 200 |   1.16ms |             ::1 | GET      "/api/db/documents"
[GIN] 2026/03/10 - 23:24:12 | 200 |   1.79ms |             ::1 | GET      "/api/db/receivables"
[GIN] 2026/03/10 - 23:24:12 | 200 |  569.5µs |             ::1 | GET      "/api/auth/users"
[GIN] 2026/03/10 - 23:24:12 | 200 |   1.13ms |             ::1 | GET      "/api/db/receivables"
[GIN] 2026/03/10 - 23:24:12 | 200 |   9.18ms |             ::1 | GET      "/api/db/enterprises"
[GIN] 2026/03/10 - 23:24:12 | 200 |      1ms |             ::1 | GET      "/api/db/enterprises"
[GIN] 2026/03/10 - 23:24:12 | 200 |   1.26ms |             ::1 | GET      "/api/db/receivables"
[GIN] 2026/03/10 - 23:24:12 | 200 |   1.83ms |             ::1 | GET      "/api/db/documents"
[GIN] 2026/03/10 - 23:24:13 | 200 |  551.9µs |             ::1 | GET      "/api/db/receivables"
[GIN] 2026/03/10 - 23:24:13 | 200 |    671µs |             ::1 | GET      "/api/db/enterprises"
[GIN] 2026/03/10 - 23:24:13 | 200 |   1.49ms |             ::1 | GET      "/api/db/receivables"
[GIN] 2026/03/10 - 23:24:13 | 200 |   1.55ms |             ::1 | GET      "/api/db/documents"
[GIN] 2026/03/10 - 23:24:13 | 200 |   1.06ms |             ::1 | GET      "/api/db/receivables"
[GIN] 2026/03/10 - 23:24:13 | 200 |   1.09ms |             ::1 | GET      "/api/db/documents"
[GIN] 2026/03/10 - 23:24:14 | 200 |  992.9µs |             ::1 | GET      "/api/db/enterprises"
[GIN] 2026/03/10 - 23:24:14 | 200 |  595.8µs |             ::1 | GET      "/api/db/receivables"
[GIN] 2026/03/10 - 23:24:14 | 200 |   1.16ms |             ::1 | GET      "/api/db/documents"
[GIN] 2026/03/10 - 23:24:20 | 200 |  655.5µs |             ::1 | GET      "/api/db/enterprises"
[GIN] 2026/03/10 - 23:24:20 | 200 |   1.17ms |             ::1 | GET      "/api/db/receivables"
[GIN] 2026/03/10 - 23:24:20 | 200 |   1.22ms |             ::1 | GET      "/api/db/documents"
[GIN] 2026/03/10 - 23:24:20 | 200 |   1.24ms |             ::1 | GET      "/api/tx-logs?page=1&pageSize=30"
[GIN] 2026/03/10 - 23:24:20 | 200 |   2.35ms |             ::1 | GET      "/api/db/dashboard/overview"
[GIN] 2026/03/10 - 23:24:20 | 200 | 106.57ms |             ::1 | GET      "/api/chain/stats"
[GIN] 2026/03/10 - 23:24:21 | 200 |  724.5µs |             ::1 | GET      "/api/db/enterprises"
[GIN] 2026/03/10 - 23:24:21 | 200 |   1.23ms |             ::1 | GET      "/api/db/documents"
[GIN] 2026/03/10 - 23:24:21 | 200 |   1.23ms |             ::1 | GET      "/api/db/receivables"
[GIN] 2026/03/10 - 23:24:21 | 200 |   1.11ms |             ::1 | GET      "/api/auth/users"
[GIN] 2026/03/10 - 23:24:21 | 200 |   1.69ms |             ::1 | GET      "/api/db/receivables"
[GIN] 2026/03/10 - 23:24:21 | 200 |  11.09ms |             ::1 | GET      "/api/db/enterprises"
[GIN] 2026/03/10 - 23:24:21 | 200 |  703.4µs |             ::1 | GET      "/api/db/enterprises"
[GIN] 2026/03/10 - 23:24:21 | 200 |    628µs |             ::1 | GET      "/api/db/receivables"
[GIN] 2026/03/10 - 23:24:21 | 200 |   1.17ms |             ::1 | GET      "/api/db/documents"
[GIN] 2026/03/10 - 23:24:22 | 200 |  611.3µs |             ::1 | GET      "/api/tx-logs?page=1&pageSize=30"
[GIN] 2026/03/10 - 23:24:22 | 200 |   2.48ms |             ::1 | GET      "/api/db/dashboard/overview"
[GIN] 2026/03/10 - 23:24:22 | 200 | 105.26ms |             ::1 | GET      "/api/chain/stats"
[GIN] 2026/03/10 - 23:24:23 | 200 |   1.15ms |             ::1 | GET      "/api/db/enterprises"
[GIN] 2026/03/10 - 23:24:23 | 200 |   1.33ms |             ::1 | GET      "/api/db/documents"
[GIN] 2026/03/10 - 23:24:23 | 200 |   1.95ms |             ::1 | GET      "/api/db/receivables"
[GIN] 2026/03/10 - 23:24:23 | 200 |  581.2µs |             ::1 | GET      "/api/auth/users"
[GIN] 2026/03/10 - 23:24:23 | 200 |   1.14ms |             ::1 | GET      "/api/db/receivables"
[GIN] 2026/03/10 - 23:24:23 | 200 |   4.11ms |             ::1 | GET      "/api/db/enterprises"
[GIN] 2026/03/10 - 23:24:29 | 200 |   1.25ms |             ::1 | GET      "/api/db/enterprises"
[GIN] 2026/03/10 - 23:24:29 | 200 |   1.42ms |             ::1 | GET      "/api/db/documents"
[GIN] 2026/03/10 - 23:24:29 | 200 |   1.42ms |             ::1 | GET      "/api/db/receivables"
[GIN] 2026/03/10 - 23:24:29 | 200 |   1.87ms |             ::1 | GET      "/api/tx-logs?page=1&pageSize=30"
[GIN] 2026/03/10 - 23:24:29 | 200 |   4.73ms |             ::1 | GET      "/api/db/dashboard/overview"
[GIN] 2026/03/10 - 23:24:30 | 200 | 107.48ms |             ::1 | GET      "/api/chain/stats"
[GIN] 2026/03/10 - 23:24:43 | 200 |  62.09ms |             ::1 | GET      "/api/tx-logs/0xcb1c65e367df331602fbe3c629ebcd8f155e1efb36152f5a063874105fa43fae/analyze"
[GIN-debug] [WARNING] Running in "debug" mode. Switch to "release" mode in production.
 - using env:	export GIN_MODE=release
 - using code:	gin.SetMode(gin.ReleaseMode)

[GIN-debug] GET    /health                   --> backend/router.RegisterRoutes.func1 (5 handlers)
[GIN-debug] GET    /workflow/public/stats    --> backend/middleware.GetStats (5 handlers)
[GIN-debug] POST   /api/auth/register        --> backend/router.UserRegister (5 handlers)
[GIN-debug] POST   /api/auth/login           --> backend/router.UserLogin (5 handlers)
[GIN-debug] GET    /api/auth/users           --> backend/router.ListUsers (5 handlers)
[GIN-debug] POST   /api/enterprise/register  --> backend/router.RegisterEnterprise (6 handlers)
[GIN-debug] GET    /api/enterprise           --> backend/router.ListEnterprises (5 handlers)
[GIN-debug] GET    /api/enterprise/:address  --> backend/router.GetEnterpriseByAddress (5 handlers)
[GIN-debug] POST   /api/receivable/issue     --> backend/router.IssueReceivable (6 handlers)
[GIN-debug] POST   /api/receivable/confirm   --> backend/router.ConfirmReceivable (6 handlers)
[GIN-debug] POST   /api/receivable/finance   --> backend/router.RecordFinancing (6 handlers)
[GIN-debug] POST   /api/receivable/settle    --> backend/router.RecordSettlement (6 handlers)
[GIN-debug] GET    /api/receivable           --> backend/router.ListReceivables (5 handlers)
[GIN-debug] GET    /api/receivable/:id       --> backend/router.GetReceivableByID (5 handlers)
[GIN-debug] GET    /api/receivable/:id/financing --> backend/router.GetFinancingByReceivable (5 handlers)
[GIN-debug] POST   /api/business/enterprise/register --> backend/router.RegisterEnterprise (6 handlers)
[GIN-debug] POST   /api/business/receivable/issue --> backend/router.IssueReceivable (6 handlers)
[GIN-debug] POST   /api/business/receivable/confirm --> backend/router.ConfirmReceivable (6 handlers)
[GIN-debug] POST   /api/business/receivable/settle --> backend/router.RecordSettlement (6 handlers)
[GIN-debug] GET    /api/business/receivable/:id --> backend/router.GetReceivableByID (6 handlers)
[GIN-debug] GET    /api/business/receivables --> backend/router.ListReceivables (6 handlers)
[GIN-debug] POST   /api/finance/receivable/finance --> backend/router.RecordFinancing (6 handlers)
[GIN-debug] GET    /api/finance/receivable/:id --> backend/router.GetReceivableByID (6 handlers)
[GIN-debug] GET    /api/finance/receivable/:id/financing --> backend/router.GetFinancingByReceivable (6 handlers)
[GIN-debug] GET    /api/finance/receivables  --> backend/router.ListReceivables (6 handlers)
[GIN-debug] GET    /api/dashboard/overview   --> backend/router.GetOverview (5 handlers)
[GIN-debug] GET    /api/tx-logs              --> backend/router.GetRecentTxLogs (5 handlers)
[GIN-debug] GET    /api/tx-logs/:hash/analyze --> backend/router.AnalyzeTxHash (6 handlers)
[GIN-debug] GET    /api/chain/stats          --> backend/router.GetChainStats (6 handlers)
[GIN-debug] POST   /api/ai/chat              --> backend/router.ChatAssistant (6 handlers)
[GIN-debug] POST   /api/ipfs/upload          --> backend/router.FileUpload (6 handlers)
[GIN-debug] GET    /api/db/dashboard/overview --> backend/router.GetDBOverview (5 handlers)
[GIN-debug] GET    /api/db/enterprises       --> backend/router.ListDBEnterprises (5 handlers)
[GIN-debug] GET    /api/db/receivables       --> backend/router.ListDBReceivables (5 handlers)
[GIN-debug] GET    /api/db/receivables/:id   --> backend/router.GetDBReceivableByID (5 handlers)
[GIN-debug] GET    /api/db/receivables/:id/financing --> backend/router.ListDBFinancingByReceivable (5 handlers)
[GIN-debug] GET    /api/db/documents         --> backend/router.ListDBDocuments (5 handlers)
[GIN-debug] GET    /assets/*filepath         --> github.com/gin-gonic/gin.(*RouterGroup).createStaticHandler.func1 (5 handlers)
[GIN-debug] HEAD   /assets/*filepath         --> github.com/gin-gonic/gin.(*RouterGroup).createStaticHandler.func1 (5 handlers)
[GIN-debug] [WARNING] You trusted all proxies, this is NOT safe. We recommend you to set a value.
Please check https://github.com/gin-gonic/gin/blob/master/docs/doc.md#dont-trust-all-proxies for details.
[GIN-debug] Listening and serving HTTP on :8888
[GIN] 2026/03/10 - 23:28:56 | 200 |  64.99ms |             ::1 | GET      "/api/db/enterprises"
[GIN] 2026/03/10 - 23:28:56 | 200 |  52.78ms |             ::1 | GET      "/api/db/receivables"
[GIN] 2026/03/10 - 23:28:56 | 200 |  52.76ms |             ::1 | GET      "/api/db/documents"
[GIN] 2026/03/10 - 23:28:57 | 200 |   1.17ms |             ::1 | GET      "/api/db/enterprises"
[GIN] 2026/03/10 - 23:28:57 | 200 |   5.83ms |             ::1 | GET      "/api/auth/users"
[GIN] 2026/03/10 - 23:28:57 | 200 |   8.32ms |             ::1 | GET      "/api/db/receivables"
[GIN] 2026/03/10 - 23:28:57 | 200 |   1.86ms |             ::1 | GET      "/api/db/enterprises"
[GIN] 2026/03/10 - 23:28:57 | 200 |    2.2ms |             ::1 | GET      "/api/db/receivables"
[GIN] 2026/03/10 - 23:28:57 | 200 |   2.66ms |             ::1 | GET      "/api/db/documents"
[GIN] 2026/03/10 - 23:28:58 | 200 |   5.54ms |             ::1 | GET      "/api/db/dashboard/overview"
[GIN] 2026/03/10 - 23:28:58 | 200 |  14.07ms |             ::1 | GET      "/api/tx-logs?page=1&pageSize=30"
[GIN] 2026/03/10 - 23:28:58 | 200 | 116.18ms |             ::1 | GET      "/api/chain/stats"
[GIN] 2026/03/10 - 23:29:03 | 200 |  64.03ms |             ::1 | GET      "/api/tx-logs/0x089c22bf63c7f2b234f6cca8d2e1417538119c6d904d2f1d4f8465c37fc0860f/analyze"
[GIN] 2026/03/10 - 23:29:33 | 200 |   14.65s |             ::1 | POST     "/api/ai/chat"
[GIN-debug] [WARNING] Running in "debug" mode. Switch to "release" mode in production.
 - using env:	export GIN_MODE=release
 - using code:	gin.SetMode(gin.ReleaseMode)

[GIN-debug] GET    /health                   --> backend/router.RegisterRoutes.func1 (5 handlers)
[GIN-debug] GET    /workflow/public/stats    --> backend/middleware.GetStats (5 handlers)
[GIN-debug] POST   /api/auth/register        --> backend/router.UserRegister (5 handlers)
[GIN-debug] POST   /api/auth/login           --> backend/router.UserLogin (5 handlers)
[GIN-debug] GET    /api/auth/users           --> backend/router.ListUsers (5 handlers)
[GIN-debug] POST   /api/enterprise/register  --> backend/router.RegisterEnterprise (6 handlers)
[GIN-debug] GET    /api/enterprise           --> backend/router.ListEnterprises (5 handlers)
[GIN-debug] GET    /api/enterprise/:address  --> backend/router.GetEnterpriseByAddress (5 handlers)
[GIN-debug] POST   /api/receivable/issue     --> backend/router.IssueReceivable (6 handlers)
[GIN-debug] POST   /api/receivable/confirm   --> backend/router.ConfirmReceivable (6 handlers)
[GIN-debug] POST   /api/receivable/finance   --> backend/router.RecordFinancing (6 handlers)
[GIN-debug] POST   /api/receivable/settle    --> backend/router.RecordSettlement (6 handlers)
[GIN-debug] GET    /api/receivable           --> backend/router.ListReceivables (5 handlers)
[GIN-debug] GET    /api/receivable/:id       --> backend/router.GetReceivableByID (5 handlers)
[GIN-debug] GET    /api/receivable/:id/financing --> backend/router.GetFinancingByReceivable (5 handlers)
[GIN-debug] POST   /api/business/enterprise/register --> backend/router.RegisterEnterprise (6 handlers)
[GIN-debug] POST   /api/business/receivable/issue --> backend/router.IssueReceivable (6 handlers)
[GIN-debug] POST   /api/business/receivable/confirm --> backend/router.ConfirmReceivable (6 handlers)
[GIN-debug] POST   /api/business/receivable/settle --> backend/router.RecordSettlement (6 handlers)
[GIN-debug] GET    /api/business/receivable/:id --> backend/router.GetReceivableByID (6 handlers)
[GIN-debug] GET    /api/business/receivables --> backend/router.ListReceivables (6 handlers)
[GIN-debug] POST   /api/finance/receivable/finance --> backend/router.RecordFinancing (6 handlers)
[GIN-debug] GET    /api/finance/receivable/:id --> backend/router.GetReceivableByID (6 handlers)
[GIN-debug] GET    /api/finance/receivable/:id/financing --> backend/router.GetFinancingByReceivable (6 handlers)
[GIN-debug] GET    /api/finance/receivables  --> backend/router.ListReceivables (6 handlers)
[GIN-debug] GET    /api/dashboard/overview   --> backend/router.GetOverview (5 handlers)
[GIN-debug] GET    /api/tx-logs              --> backend/router.GetRecentTxLogs (5 handlers)
[GIN-debug] GET    /api/tx-logs/:hash/analyze --> backend/router.AnalyzeTxHash (6 handlers)
[GIN-debug] GET    /api/chain/stats          --> backend/router.GetChainStats (6 handlers)
[GIN-debug] POST   /api/ai/chat              --> backend/router.ChatAssistant (6 handlers)
[GIN-debug] POST   /api/ipfs/upload          --> backend/router.FileUpload (6 handlers)
[GIN-debug] GET    /api/db/dashboard/overview --> backend/router.GetDBOverview (5 handlers)
[GIN-debug] GET    /api/db/enterprises       --> backend/router.ListDBEnterprises (5 handlers)
[GIN-debug] GET    /api/db/receivables       --> backend/router.ListDBReceivables (5 handlers)
[GIN-debug] GET    /api/db/receivables/:id   --> backend/router.GetDBReceivableByID (5 handlers)
[GIN-debug] GET    /api/db/receivables/:id/financing --> backend/router.ListDBFinancingByReceivable (5 handlers)
[GIN-debug] GET    /api/db/documents         --> backend/router.ListDBDocuments (5 handlers)
[GIN-debug] GET    /assets/*filepath         --> github.com/gin-gonic/gin.(*RouterGroup).createStaticHandler.func1 (5 handlers)
[GIN-debug] HEAD   /assets/*filepath         --> github.com/gin-gonic/gin.(*RouterGroup).createStaticHandler.func1 (5 handlers)
[GIN-debug] [WARNING] You trusted all proxies, this is NOT safe. We recommend you to set a value.
Please check https://github.com/gin-gonic/gin/blob/master/docs/doc.md#dont-trust-all-proxies for details.
[GIN-debug] Listening and serving HTTP on :8888
[GIN] 2026/03/10 - 23:34:13 | 200 | 119.99ms |             ::1 | GET      "/api/tx-logs/0x614074c44f58b9f047ab0ce256af9e449ccc67e26e23b22c0ee48e96dda35d44/analyze"
[GIN] 2026/03/10 - 23:34:47 | 200 |    1.28s |             ::1 | POST     "/api/auth/login"
[GIN] 2026/03/10 - 23:34:47 | 200 |   1.23ms |             ::1 | GET      "/api/db/enterprises"
[GIN] 2026/03/10 - 23:34:47 | 200 |   2.76ms |             ::1 | GET      "/api/db/documents"
[GIN] 2026/03/10 - 23:34:47 | 200 |  22.56ms |             ::1 | GET      "/api/db/receivables"
[GIN] 2026/03/10 - 23:34:47 | 200 |   1.44ms |             ::1 | GET      "/api/db/receivables"
[GIN] 2026/03/10 - 23:34:56 | 200 |  909.7µs |             ::1 | GET      "/api/db/enterprises"
[GIN] 2026/03/10 - 23:34:56 | 200 |    4.5ms |             ::1 | GET      "/api/db/receivables"
[GIN] 2026/03/10 - 23:34:56 | 200 |   3.52ms |             ::1 | GET      "/api/db/documents"
[GIN] 2026/03/10 - 23:34:56 | 200 |   1.44ms |             ::1 | GET      "/api/db/receivables"
[GIN] 2026/03/10 - 23:35:26 | 200 |   11.33s |             ::1 | POST     "/api/ai/chat"
[GIN] 2026/03/10 - 23:35:44 | 200 |   1.29ms |             ::1 | GET      "/api/db/enterprises"
[GIN] 2026/03/10 - 23:35:44 | 200 |   1.29ms |             ::1 | GET      "/api/db/receivables"
[GIN] 2026/03/10 - 23:35:44 | 200 |   2.44ms |             ::1 | GET      "/api/db/documents"
[GIN] 2026/03/10 - 23:35:44 | 200 |   1.27ms |             ::1 | GET      "/api/db/receivables"
[GIN] 2026/03/10 - 23:35:46 | 200 |   2.76ms |             ::1 | GET      "/api/db/receivables/R-1773155026927"
[GIN] 2026/03/10 - 23:35:48 | 200 |   4.99ms |             ::1 | GET      "/api/db/enterprises"
[GIN] 2026/03/10 - 23:35:48 | 200 |   1.43ms |             ::1 | GET      "/api/db/receivables"
[GIN] 2026/03/10 - 23:35:48 | 200 |   1.78ms |             ::1 | GET      "/api/db/documents"
[GIN] 2026/03/10 - 23:35:48 | 200 |   4.11ms |             ::1 | GET      "/api/tx-logs?page=1&pageSize=30"
[GIN] 2026/03/10 - 23:35:48 | 200 |   6.57ms |             ::1 | GET      "/api/db/dashboard/overview"
[GIN] 2026/03/10 - 23:35:48 | 200 | 116.95ms |             ::1 | GET      "/api/chain/stats"
[GIN] 2026/03/10 - 23:35:49 | 200 |   1.28ms |             ::1 | GET      "/api/db/enterprises"
[GIN] 2026/03/10 - 23:35:49 | 200 |    2.2ms |             ::1 | GET      "/api/db/documents"
[GIN] 2026/03/10 - 23:35:49 | 200 |   5.21ms |             ::1 | GET      "/api/db/receivables"
[GIN] 2026/03/10 - 23:35:49 | 200 |   1.13ms |             ::1 | GET      "/api/db/receivables"
[GIN] 2026/03/10 - 23:35:50 | 200 |   4.52ms |             ::1 | GET      "/api/db/enterprises"
[GIN] 2026/03/10 - 23:35:50 | 200 |   5.41ms |             ::1 | GET      "/api/db/receivables"
[GIN] 2026/03/10 - 23:35:50 | 200 |    2.4ms |             ::1 | GET      "/api/db/documents"
[GIN] 2026/03/10 - 23:35:50 | 200 |   2.47ms |             ::1 | GET      "/api/tx-logs?page=1&pageSize=30"
[GIN] 2026/03/10 - 23:35:50 | 200 |   4.55ms |             ::1 | GET      "/api/db/dashboard/overview"
[GIN] 2026/03/10 - 23:35:50 | 200 | 111.87ms |             ::1 | GET      "/api/chain/stats"
[GIN] 2026/03/10 - 23:35:54 | 200 |   1.47ms |             ::1 | GET      "/api/db/enterprises"
[GIN] 2026/03/10 - 23:35:54 | 200 |   1.23ms |             ::1 | GET      "/api/db/receivables"
[GIN] 2026/03/10 - 23:35:54 | 200 |   1.23ms |             ::1 | GET      "/api/db/documents"
[GIN] 2026/03/10 - 23:35:54 | 200 |   1.59ms |             ::1 | GET      "/api/db/receivables"
[GIN] 2026/03/10 - 23:35:55 | 200 |    1.5ms |             ::1 | GET      "/api/db/enterprises"
[GIN] 2026/03/10 - 23:35:55 | 200 |      1ms |             ::1 | GET      "/api/db/receivables"
[GIN] 2026/03/10 - 23:35:55 | 200 |      2ms |             ::1 | GET      "/api/db/documents"
[GIN] 2026/03/10 - 23:35:55 | 200 |   3.49ms |             ::1 | GET      "/api/db/receivables"
[GIN] 2026/03/10 - 23:36:09 | 200 |   2.09ms |             ::1 | GET      "/api/db/receivables/R-1773155026927"
[GIN] 2026/03/10 - 23:36:26 | 200 |    1.01s |             ::1 | POST     "/api/auth/login"
[GIN] 2026/03/10 - 23:36:26 | 200 |   1.16ms |             ::1 | GET      "/api/db/enterprises"
[GIN] 2026/03/10 - 23:36:26 | 200 |   1.81ms |             ::1 | GET      "/api/db/receivables"
[GIN] 2026/03/10 - 23:36:26 | 200 |   2.35ms |             ::1 | GET      "/api/db/documents"
[GIN] 2026/03/10 - 23:36:26 | 200 |   1.39ms |             ::1 | GET      "/api/auth/users"
[GIN] 2026/03/10 - 23:36:26 | 200 |   2.59ms |             ::1 | GET      "/api/db/receivables"
[GIN] 2026/03/10 - 23:36:26 | 200 |  21.52ms |             ::1 | GET      "/api/db/enterprises"
[GIN] 2026/03/10 - 23:36:38 | 200 | 198.33ms |             ::1 | POST     "/api/business/enterprise/register"
[GIN] 2026/03/10 - 23:36:38 | 200 |   1.42ms |             ::1 | GET      "/api/db/enterprises"
[GIN] 2026/03/10 - 23:36:55 | 200 |  43.56ms |             ::1 | POST     "/api/ipfs/upload"
[GIN] 2026/03/10 - 23:36:57 | 200 | 566.37ms |             ::1 | POST     "/api/business/receivable/issue"
[GIN] 2026/03/10 - 23:36:57 | 200 |   1.69ms |             ::1 | GET      "/api/db/receivables"
[GIN] 2026/03/10 - 23:36:57 | 200 |    1.3ms |             ::1 | GET      "/api/db/receivables/R-1773156986827"
[GIN] 2026/03/10 - 23:37:01 | 200 |  90.76ms |             ::1 | POST     "/api/business/receivable/confirm"
[GIN] 2026/03/10 - 23:37:01 | 200 |    1.4ms |             ::1 | GET      "/api/db/receivables"
[GIN] 2026/03/10 - 23:37:01 | 200 |   2.33ms |             ::1 | GET      "/api/db/receivables/R-1773156986827"
[GIN] 2026/03/10 - 23:37:04 | 200 |   1.39ms |             ::1 | GET      "/api/db/enterprises"
[GIN] 2026/03/10 - 23:37:04 | 200 |   1.34ms |             ::1 | GET      "/api/db/documents"
[GIN] 2026/03/10 - 23:37:04 | 200 |   1.97ms |             ::1 | GET      "/api/db/receivables"
[GIN] 2026/03/10 - 23:37:04 | 200 |   1.39ms |             ::1 | GET      "/api/db/receivables"
[GIN] 2026/03/10 - 23:37:06 | 200 |   1.82ms |             ::1 | GET      "/api/db/receivables/R-1773156986827"
[GIN] 2026/03/10 - 23:37:08 | 200 |   1.24ms |             ::1 | GET      "/api/db/enterprises"
[GIN] 2026/03/10 - 23:37:08 | 200 |   3.88ms |             ::1 | GET      "/api/db/receivables"
[GIN] 2026/03/10 - 23:37:08 | 200 |   3.61ms |             ::1 | GET      "/api/db/documents"
[GIN] 2026/03/10 - 23:37:08 | 200 |    3.5ms |             ::1 | GET      "/api/tx-logs?page=1&pageSize=30"
[GIN] 2026/03/10 - 23:37:08 | 200 |   6.75ms |             ::1 | GET      "/api/db/dashboard/overview"
[GIN] 2026/03/10 - 23:37:08 | 200 | 128.89ms |             ::1 | GET      "/api/chain/stats"
[GIN] 2026/03/10 - 23:37:18 | 200 |  62.28ms |             ::1 | GET      "/api/tx-logs/0x37f5ecec6fe8665a4b0ed13b7579df0d4fa43f8e09fd80d6b37137ecd0528277/analyze"
[GIN] 2026/03/10 - 23:37:27 | 200 |   3.35ms |             ::1 | GET      "/api/db/enterprises"
[GIN] 2026/03/10 - 23:37:27 | 200 |   1.04ms |             ::1 | GET      "/api/db/receivables"
[GIN] 2026/03/10 - 23:37:27 | 200 |   2.22ms |             ::1 | GET      "/api/db/documents"
[GIN] 2026/03/10 - 23:37:28 | 200 |  643.3µs |             ::1 | GET      "/api/auth/users"
[GIN] 2026/03/10 - 23:37:28 | 200 |   1.17ms |             ::1 | GET      "/api/db/receivables"
[GIN] 2026/03/10 - 23:37:28 | 200 |   1.87ms |             ::1 | GET      "/api/db/enterprises"
[GIN] 2026/03/10 - 23:37:31 | 200 |   2.17ms |             ::1 | GET      "/api/db/enterprises"
[GIN] 2026/03/10 - 23:37:31 | 200 |   2.33ms |             ::1 | GET      "/api/db/receivables"
[GIN] 2026/03/10 - 23:37:31 | 200 |   3.73ms |             ::1 | GET      "/api/db/documents"
[GIN] 2026/03/10 - 23:37:31 | 200 |  12.29ms |             ::1 | GET      "/api/db/receivables"
[GIN] 2026/03/10 - 23:37:43 | 200 | 858.74ms |             ::1 | POST     "/api/auth/login"
[GIN] 2026/03/10 - 23:37:43 | 200 |    1.3ms |             ::1 | GET      "/api/db/enterprises"
[GIN] 2026/03/10 - 23:37:43 | 200 |   1.85ms |             ::1 | GET      "/api/db/receivables"
[GIN] 2026/03/10 - 23:37:43 | 200 |   1.85ms |             ::1 | GET      "/api/db/documents"
[GIN] 2026/03/10 - 23:37:43 | 200 |   2.41ms |             ::1 | GET      "/api/db/receivables"
[GIN] 2026/03/10 - 23:37:53 | 200 | 256.63ms |             ::1 | POST     "/api/finance/receivable/finance"
[GIN] 2026/03/10 - 23:37:53 | 200 |   1.94ms |             ::1 | GET      "/api/db/receivables"
[GIN] 2026/03/10 - 23:37:53 | 200 |   1.98ms |             ::1 | GET      "/api/db/receivables/R-1773156986827"
[GIN] 2026/03/10 - 23:38:04 | 200 |   1.69ms |             ::1 | GET      "/api/db/receivables/R-1773156986827"
[GIN] 2026/03/10 - 23:38:07 | 200 |   2.41ms |             ::1 | GET      "/api/db/enterprises"
[GIN] 2026/03/10 - 23:38:07 | 200 |   1.85ms |             ::1 | GET      "/api/db/receivables"
[GIN] 2026/03/10 - 23:38:07 | 200 |   1.16ms |             ::1 | GET      "/api/db/documents"
[GIN] 2026/03/10 - 23:38:07 | 200 |   1.17ms |             ::1 | GET      "/api/db/receivables"
[GIN] 2026/03/10 - 23:38:09 | 200 |   1.57ms |             ::1 | GET      "/api/db/receivables/R-1773156986827"
[GIN] 2026/03/10 - 23:38:13 | 200 |   2.09ms |             ::1 | GET      "/api/db/enterprises"
[GIN] 2026/03/10 - 23:38:13 | 200 |   1.97ms |             ::1 | GET      "/api/db/receivables"
[GIN] 2026/03/10 - 23:38:13 | 200 |   2.82ms |             ::1 | GET      "/api/db/documents"
[GIN] 2026/03/10 - 23:38:13 | 200 |  26.56ms |             ::1 | GET      "/api/tx-logs?page=1&pageSize=30"
[GIN] 2026/03/10 - 23:38:13 | 200 |  35.92ms |             ::1 | GET      "/api/db/dashboard/overview"
[GIN] 2026/03/10 - 23:38:14 | 200 | 206.11ms |             ::1 | GET      "/api/chain/stats"
[GIN] 2026/03/10 - 23:38:14 | 200 |  996.7µs |             ::1 | GET      "/api/db/enterprises"
[GIN] 2026/03/10 - 23:38:14 | 200 |   1.41ms |             ::1 | GET      "/api/db/documents"
[GIN] 2026/03/10 - 23:38:14 | 200 |   2.71ms |             ::1 | GET      "/api/db/receivables"
[GIN] 2026/03/10 - 23:38:14 | 200 |    1.6ms |             ::1 | GET      "/api/db/receivables"
[GIN] 2026/03/10 - 23:38:23 | 200 |   1.87ms |             ::1 | GET      "/api/db/receivables/R-1773156986827"
[GIN] 2026/03/10 - 23:38:25 | 200 |    3.4ms |             ::1 | GET      "/api/db/enterprises"
[GIN] 2026/03/10 - 23:38:25 | 200 |   1.19ms |             ::1 | GET      "/api/db/receivables"
[GIN] 2026/03/10 - 23:38:25 | 200 |    2.5ms |             ::1 | GET      "/api/db/documents"
[GIN] 2026/03/10 - 23:38:26 | 200 |   1.18ms |             ::1 | GET      "/api/db/receivables"
[GIN] 2026/03/10 - 23:39:46 | 200 |      1ms |             ::1 | GET      "/api/db/enterprises"
[GIN] 2026/03/10 - 23:39:46 | 200 |   2.23ms |             ::1 | GET      "/api/db/documents"
[GIN] 2026/03/10 - 23:39:46 | 200 |   2.23ms |             ::1 | GET      "/api/db/receivables"
[GIN] 2026/03/10 - 23:39:46 | 200 |   3.04ms |             ::1 | GET      "/api/db/receivables"
[GIN] 2026/03/10 - 23:40:01 | 200 |    1.23s |             ::1 | POST     "/api/auth/login"
[GIN] 2026/03/10 - 23:40:01 | 200 |   1.35ms |             ::1 | GET      "/api/db/enterprises"
[GIN] 2026/03/10 - 23:40:01 | 200 |   1.76ms |             ::1 | GET      "/api/db/receivables"
[GIN] 2026/03/10 - 23:40:01 | 200 |   1.76ms |             ::1 | GET      "/api/db/documents"
[GIN] 2026/03/10 - 23:40:01 | 200 |   5.23ms |             ::1 | GET      "/api/db/dashboard/overview"
[GIN] 2026/03/10 - 23:40:01 | 200 |   2.25ms |             ::1 | GET      "/api/tx-logs?page=1&pageSize=30"
[GIN] 2026/03/10 - 23:40:01 | 200 | 123.46ms |             ::1 | GET      "/api/chain/stats"
[GIN] 2026/03/10 - 23:40:02 | 200 |   2.02ms |             ::1 | GET      "/api/db/enterprises"
[GIN] 2026/03/10 - 23:40:02 | 200 |   1.35ms |             ::1 | GET      "/api/db/receivables"
[GIN] 2026/03/10 - 23:40:02 | 200 |   2.66ms |             ::1 | GET      "/api/db/documents"
[GIN] 2026/03/10 - 23:40:03 | 200 |   2.24ms |             ::1 | GET      "/workflow/public/stats"
[GIN] 2026/03/10 - 23:40:03 | 200 |   2.87ms |             ::1 | GET      "/api/tx-logs?limit=200"
[GIN] 2026/03/10 - 23:40:24 | 200 |   11.01s |             ::1 | POST     "/api/ai/chat"
[GIN] 2026/03/10 - 23:41:30 | 200 |   1.58ms |             ::1 | GET      "/api/db/enterprises"
[GIN] 2026/03/10 - 23:41:30 | 200 |   1.28ms |             ::1 | GET      "/api/db/receivables"
[GIN] 2026/03/10 - 23:41:30 | 200 |   1.28ms |             ::1 | GET      "/api/db/documents"
[GIN] 2026/03/10 - 23:41:30 | 200 |   1.15ms |             ::1 | GET      "/api/auth/users"
[GIN] 2026/03/10 - 23:41:30 | 200 |   1.81ms |             ::1 | GET      "/api/db/enterprises"
[GIN] 2026/03/10 - 23:41:31 | 200 | 183.66ms |             ::1 | GET      "/api/chain/stats"
[GIN] 2026/03/10 - 23:42:06 | 200 |   2.79ms |             ::1 | GET      "/api/db/enterprises"
[GIN] 2026/03/10 - 23:42:06 | 200 |   1.96ms |             ::1 | GET      "/api/db/receivables"
[GIN] 2026/03/10 - 23:42:06 | 200 |      2ms |             ::1 | GET      "/api/db/documents"
[GIN] 2026/03/10 - 23:42:06 | 200 |   1.25ms |             ::1 | GET      "/api/db/documents"
[GIN] 2026/03/10 - 23:42:06 | 200 |   1.93ms |             ::1 | GET      "/api/db/receivables"
[GIN] 2026/03/10 - 23:42:07 | 200 |   1.29ms |             ::1 | GET      "/api/db/enterprises"
[GIN] 2026/03/10 - 23:42:07 | 200 |   1.42ms |             ::1 | GET      "/api/db/receivables"
[GIN] 2026/03/10 - 23:42:07 | 200 |   2.55ms |             ::1 | GET      "/api/db/documents"
[GIN] 2026/03/10 - 23:42:08 | 200 |   1.74ms |             ::1 | GET      "/api/db/receivables"
[GIN] 2026/03/10 - 23:42:08 | 200 |   3.18ms |             ::1 | GET      "/api/db/enterprises"
[GIN] 2026/03/10 - 23:42:08 | 200 |  23.29ms |             ::1 | GET      "/api/db/documents"
[GIN] 2026/03/10 - 23:42:08 | 200 |    939µs |             ::1 | GET      "/api/auth/users"
[GIN] 2026/03/10 - 23:42:08 | 200 |   1.36ms |             ::1 | GET      "/api/db/enterprises"
[GIN] 2026/03/10 - 23:42:08 | 200 | 110.07ms |             ::1 | GET      "/api/chain/stats"
[GIN] 2026/03/10 - 23:42:09 | 200 |   1.25ms |             ::1 | GET      "/api/db/enterprises"
[GIN] 2026/03/10 - 23:42:09 | 200 |   2.39ms |             ::1 | GET      "/api/db/receivables"
[GIN] 2026/03/10 - 23:42:09 | 200 |   1.86ms |             ::1 | GET      "/api/db/documents"
[GIN] 2026/03/10 - 23:42:09 | 200 |    1.4ms |             ::1 | GET      "/api/db/documents"
[GIN] 2026/03/10 - 23:42:09 | 200 |   1.96ms |             ::1 | GET      "/api/db/receivables"
[GIN] 2026/03/10 - 23:42:10 | 200 |   7.13ms |             ::1 | GET      "/api/db/enterprises"
[GIN] 2026/03/10 - 23:42:10 | 200 |   1.19ms |             ::1 | GET      "/api/db/documents"
[GIN] 2026/03/10 - 23:42:10 | 200 |    1.8ms |             ::1 | GET      "/api/db/receivables"
[GIN] 2026/03/10 - 23:42:10 | 200 |  520.4µs |             ::1 | GET      "/workflow/public/stats"
[GIN] 2026/03/10 - 23:42:10 | 200 |   2.14ms |             ::1 | GET      "/api/tx-logs?limit=200"
[GIN] 2026/03/10 - 23:45:43 | 200 |   5.32ms |             ::1 | GET      "/api/db/enterprises"
[GIN] 2026/03/10 - 23:45:43 | 200 |  13.86ms |             ::1 | GET      "/api/db/receivables"
[GIN] 2026/03/10 - 23:45:43 | 200 |   6.69ms |             ::1 | GET      "/api/db/documents"
[GIN] 2026/03/10 - 23:45:43 | 200 |  717.9µs |             ::1 | GET      "/api/auth/users"
[GIN] 2026/03/10 - 23:45:43 | 200 |  30.97ms |             ::1 | GET      "/api/db/enterprises"
[GIN] 2026/03/10 - 23:45:43 | 200 | 136.25ms |             ::1 | GET      "/api/chain/stats"
[GIN] 2026/03/10 - 23:45:59 | 200 |   1.94ms |             ::1 | GET      "/api/db/enterprises"
[GIN] 2026/03/10 - 23:45:59 | 200 |    3.2ms |             ::1 | GET      "/api/db/documents"
[GIN] 2026/03/10 - 23:45:59 | 200 |   2.32ms |             ::1 | GET      "/api/db/receivables"
[GIN] 2026/03/10 - 23:45:59 | 200 |  880.9µs |             ::1 | GET      "/api/db/documents"
[GIN] 2026/03/10 - 23:45:59 | 200 |  846.1µs |             ::1 | GET      "/api/db/receivables"
[GIN] 2026/03/10 - 23:46:03 | 200 |   2.57ms |             ::1 | GET      "/api/db/enterprises"
[GIN] 2026/03/10 - 23:46:03 | 200 |      1ms |             ::1 | GET      "/api/db/documents"
[GIN] 2026/03/10 - 23:46:03 | 200 |      2ms |             ::1 | GET      "/api/db/receivables"
[GIN] 2026/03/10 - 23:46:05 | 200 |   1.46ms |             ::1 | GET      "/api/db/enterprises"
[GIN] 2026/03/10 - 23:46:05 | 200 |   1.95ms |             ::1 | GET      "/api/db/receivables"
[GIN] 2026/03/10 - 23:46:05 | 200 |   5.07ms |             ::1 | GET      "/api/db/documents"
[GIN] 2026/03/10 - 23:46:06 | 200 |   1.99ms |             ::1 | GET      "/api/tx-logs?page=1&pageSize=30"
[GIN] 2026/03/10 - 23:46:06 | 200 |  15.31ms |             ::1 | GET      "/api/db/dashboard/overview"
[GIN] 2026/03/10 - 23:46:06 | 200 | 103.08ms |             ::1 | GET      "/api/chain/stats"
[GIN] 2026/03/11 - 00:06:49 | 200 |   1.86ms |             ::1 | GET      "/api/db/enterprises"
[GIN] 2026/03/11 - 00:06:49 | 200 |   2.22ms |             ::1 | GET      "/api/db/receivables"
[GIN] 2026/03/11 - 00:06:49 | 200 |  32.32ms |             ::1 | GET      "/api/db/documents"
[GIN] 2026/03/11 - 00:08:13 | 200 | 991.01ms |             ::1 | POST     "/api/auth/login"
[GIN] 2026/03/11 - 00:08:13 | 200 |   1.24ms |             ::1 | GET      "/api/db/enterprises"
[GIN] 2026/03/11 - 00:08:13 | 200 |   1.37ms |             ::1 | GET      "/api/db/receivables"
[GIN] 2026/03/11 - 00:08:13 | 200 |   1.44ms |             ::1 | GET      "/api/db/documents"
[GIN] 2026/03/11 - 00:08:13 | 200 |  817.6µs |             ::1 | GET      "/api/auth/users"
[GIN] 2026/03/11 - 00:08:13 | 200 |   1.35ms |             ::1 | GET      "/api/db/receivables"
[GIN] 2026/03/11 - 00:08:13 | 200 |   1.19ms |             ::1 | GET      "/api/db/enterprises"
[GIN] 2026/03/11 - 00:08:16 | 200 |    1.8ms |             ::1 | GET      "/api/db/enterprises"
[GIN] 2026/03/11 - 00:08:16 | 200 |   2.26ms |             ::1 | GET      "/api/db/documents"
[GIN] 2026/03/11 - 00:08:16 | 200 |   3.38ms |             ::1 | GET      "/api/db/receivables"
[GIN] 2026/03/11 - 00:08:16 | 200 |   4.71ms |             ::1 | GET      "/api/db/documents"
[GIN] 2026/03/11 - 00:08:16 | 200 |   5.21ms |             ::1 | GET      "/api/db/receivables"
[GIN] 2026/03/11 - 00:08:17 | 200 |   1.01ms |             ::1 | GET      "/api/db/enterprises"
[GIN] 2026/03/11 - 00:08:17 | 200 |   1.31ms |             ::1 | GET      "/api/db/receivables"
[GIN] 2026/03/11 - 00:08:17 | 200 |   1.83ms |             ::1 | GET      "/api/db/documents"
[GIN] 2026/03/11 - 00:08:17 | 200 |    835µs |             ::1 | GET      "/api/db/receivables"
[GIN] 2026/03/11 - 00:08:18 | 200 |   1.43ms |             ::1 | GET      "/api/db/enterprises"
[GIN] 2026/03/11 - 00:08:18 | 200 |  12.16ms |             ::1 | GET      "/api/db/receivables"
[GIN] 2026/03/11 - 00:08:18 | 200 |  11.54ms |             ::1 | GET      "/api/db/documents"
[GIN] 2026/03/11 - 00:08:19 | 200 |  838.6µs |             ::1 | GET      "/api/db/documents"
[GIN] 2026/03/11 - 00:08:19 | 200 |   1.48ms |             ::1 | GET      "/api/db/receivables"
[GIN] 2026/03/11 - 00:08:19 | 200 |   9.27ms |             ::1 | GET      "/api/db/receivables"
[GIN] 2026/03/11 - 00:08:19 | 200 |  14.99ms |             ::1 | GET      "/api/db/enterprises"
[GIN] 2026/03/11 - 00:08:19 | 200 |  38.84ms |             ::1 | GET      "/api/db/documents"
[GIN] 2026/03/11 - 00:08:19 | 200 |   1.45ms |             ::1 | GET      "/api/db/receivables"
[GIN] 2026/03/11 - 00:08:21 | 200 |   1.47ms |             ::1 | GET      "/api/db/enterprises"
[GIN] 2026/03/11 - 00:08:21 | 200 |   1.25ms |             ::1 | GET      "/api/db/receivables"
[GIN] 2026/03/11 - 00:08:21 | 200 |   1.25ms |             ::1 | GET      "/api/db/documents"
[GIN] 2026/03/11 - 00:08:21 | 200 |   1.83ms |             ::1 | GET      "/api/db/documents"
[GIN] 2026/03/11 - 00:08:21 | 200 |   3.07ms |             ::1 | GET      "/api/db/receivables"
[GIN] 2026/03/11 - 00:08:49 | 200 |   18.51s |             ::1 | POST     "/api/ai/chat"
[GIN] 2026/03/11 - 00:09:15 | 200 | 987.11ms |             ::1 | POST     "/api/auth/login"
[GIN] 2026/03/11 - 00:09:15 | 200 |      2ms |             ::1 | GET      "/api/db/enterprises"
[GIN] 2026/03/11 - 00:09:15 | 200 |   4.21ms |             ::1 | GET      "/api/db/receivables"
[GIN] 2026/03/11 - 00:09:15 | 200 |   2.18ms |             ::1 | GET      "/api/db/documents"
[GIN] 2026/03/11 - 00:09:15 | 200 |   1.51ms |             ::1 | GET      "/api/db/receivables"
[GIN] 2026/03/11 - 00:09:43 | 200 |   1.92ms |             ::1 | GET      "/api/db/receivables"
[GIN] 2026/03/11 - 00:09:43 | 200 |   3.19ms |             ::1 | GET      "/api/db/enterprises"
[GIN] 2026/03/11 - 00:09:43 | 200 |  27.31ms |             ::1 | GET      "/api/db/documents"
[GIN] 2026/03/11 - 00:09:43 | 200 |   1.18ms |             ::1 | GET      "/api/db/receivables"
[GIN] 2026/03/11 - 00:09:43 | 200 |   1.32ms |             ::1 | GET      "/api/db/enterprises"
[GIN] 2026/03/11 - 00:09:44 | 200 |  770.1µs |             ::1 | GET      "/api/db/documents"
[GIN] 2026/03/11 - 00:09:44 | 200 |   2.49ms |             ::1 | GET      "/api/db/receivables"
[GIN] 2026/03/11 - 00:09:44 | 200 |   1.28ms |             ::1 | GET      "/api/db/receivables"
[GIN] 2026/03/11 - 00:09:44 | 200 |   1.38ms |             ::1 | GET      "/api/db/enterprises"
[GIN] 2026/03/11 - 00:09:44 | 200 |   2.28ms |             ::1 | GET      "/api/db/receivables"
[GIN] 2026/03/11 - 00:09:44 | 200 |   2.27ms |             ::1 | GET      "/api/db/documents"
[GIN] 2026/03/11 - 00:09:45 | 200 |   1.61ms |             ::1 | GET      "/api/db/receivables"
[GIN] 2026/03/11 - 00:15:30 | 200 |    1.6ms |             ::1 | GET      "/api/db/enterprises"
[GIN] 2026/03/11 - 00:15:30 | 200 |   1.22ms |             ::1 | GET      "/api/db/receivables"
[GIN] 2026/03/11 - 00:15:30 | 200 |   1.83ms |             ::1 | GET      "/api/db/documents"
[GIN] 2026/03/11 - 00:15:31 | 200 |   1.17ms |             ::1 | GET      "/api/db/receivables"
[GIN] 2026/03/11 - 00:15:32 | 200 |   3.54ms |             ::1 | GET      "/api/db/receivables"
[GIN] 2026/03/11 - 00:15:32 | 200 |   8.37ms |             ::1 | GET      "/api/db/enterprises"
[GIN] 2026/03/11 - 00:15:32 | 200 |   1.96ms |             ::1 | GET      "/api/db/documents"
[GIN] 2026/03/11 - 00:15:33 | 200 |   1.71ms |             ::1 | GET      "/api/db/enterprises"
[GIN] 2026/03/11 - 00:15:33 | 200 |   1.63ms |             ::1 | GET      "/api/db/receivables"
[GIN] 2026/03/11 - 00:15:33 | 200 |   5.33ms |             ::1 | GET      "/api/db/documents"
[GIN] 2026/03/11 - 00:15:33 | 200 |   1.29ms |             ::1 | GET      "/api/db/receivables"
[GIN] 2026/03/11 - 00:15:34 | 200 |   1.44ms |             ::1 | GET      "/api/db/enterprises"
[GIN] 2026/03/11 - 00:15:34 | 200 |   1.16ms |             ::1 | GET      "/api/db/receivables"
[GIN] 2026/03/11 - 00:15:34 | 200 |   4.28ms |             ::1 | GET      "/api/db/documents"
[GIN] 2026/03/11 - 00:15:34 | 200 |   1.19ms |             ::1 | GET      "/api/db/receivables"
[GIN] 2026/03/11 - 00:15:35 | 200 |   1.54ms |             ::1 | GET      "/api/db/enterprises"
[GIN] 2026/03/11 - 00:15:35 | 200 |   2.49ms |             ::1 | GET      "/api/db/receivables"
[GIN] 2026/03/11 - 00:15:35 | 200 |   2.49ms |             ::1 | GET      "/api/db/documents"
[GIN] 2026/03/11 - 00:15:35 | 200 |  900.4µs |             ::1 | GET      "/api/db/receivables"
[GIN] 2026/03/11 - 00:15:35 | 200 |   1.15ms |             ::1 | GET      "/api/db/enterprises"
[GIN] 2026/03/11 - 00:15:35 | 200 |   1.19ms |             ::1 | GET      "/api/db/receivables"
[GIN] 2026/03/11 - 00:15:35 | 200 |  616.1µs |             ::1 | GET      "/api/db/documents"
[GIN] 2026/03/11 - 00:15:36 | 200 |   4.02ms |             ::1 | GET      "/api/db/dashboard/overview"
[GIN] 2026/03/11 - 00:15:36 | 200 |   1.77ms |             ::1 | GET      "/api/tx-logs?page=1&pageSize=30"
[GIN] 2026/03/11 - 00:15:36 | 200 | 116.34ms |             ::1 | GET      "/api/chain/stats"
[GIN-debug] [WARNING] Running in "debug" mode. Switch to "release" mode in production.
 - using env:	export GIN_MODE=release
 - using code:	gin.SetMode(gin.ReleaseMode)

[GIN-debug] GET    /health                   --> backend/router.RegisterRoutes.func1 (5 handlers)
[GIN-debug] GET    /workflow/public/stats    --> backend/middleware.GetStats (5 handlers)
[GIN-debug] POST   /api/auth/register        --> backend/router.UserRegister (5 handlers)
[GIN-debug] POST   /api/auth/login           --> backend/router.UserLogin (5 handlers)
[GIN-debug] GET    /api/auth/users           --> backend/router.ListUsers (5 handlers)
[GIN-debug] POST   /api/enterprise/register  --> backend/router.RegisterEnterprise (6 handlers)
[GIN-debug] GET    /api/enterprise           --> backend/router.ListEnterprises (5 handlers)
[GIN-debug] GET    /api/enterprise/:address  --> backend/router.GetEnterpriseByAddress (5 handlers)
[GIN-debug] POST   /api/receivable/issue     --> backend/router.IssueReceivable (6 handlers)
[GIN-debug] POST   /api/receivable/confirm   --> backend/router.ConfirmReceivable (6 handlers)
[GIN-debug] POST   /api/receivable/finance   --> backend/router.RecordFinancing (6 handlers)
[GIN-debug] POST   /api/receivable/settle    --> backend/router.RecordSettlement (6 handlers)
[GIN-debug] GET    /api/receivable           --> backend/router.ListReceivables (5 handlers)
[GIN-debug] GET    /api/receivable/:id       --> backend/router.GetReceivableByID (5 handlers)
[GIN-debug] GET    /api/receivable/:id/financing --> backend/router.GetFinancingByReceivable (5 handlers)
[GIN-debug] POST   /api/business/enterprise/register --> backend/router.RegisterEnterprise (6 handlers)
[GIN-debug] POST   /api/business/receivable/issue --> backend/router.IssueReceivable (6 handlers)
[GIN-debug] POST   /api/business/receivable/confirm --> backend/router.ConfirmReceivable (6 handlers)
[GIN-debug] POST   /api/business/receivable/settle --> backend/router.RecordSettlement (6 handlers)
[GIN-debug] GET    /api/business/receivable/:id --> backend/router.GetReceivableByID (6 handlers)
[GIN-debug] GET    /api/business/receivables --> backend/router.ListReceivables (6 handlers)
[GIN-debug] POST   /api/finance/receivable/finance --> backend/router.RecordFinancing (6 handlers)
[GIN-debug] GET    /api/finance/receivable/:id --> backend/router.GetReceivableByID (6 handlers)
[GIN-debug] GET    /api/finance/receivable/:id/financing --> backend/router.GetFinancingByReceivable (6 handlers)
[GIN-debug] GET    /api/finance/receivables  --> backend/router.ListReceivables (6 handlers)
[GIN-debug] GET    /api/dashboard/overview   --> backend/router.GetOverview (5 handlers)
[GIN-debug] GET    /api/tx-logs              --> backend/router.GetRecentTxLogs (5 handlers)
[GIN-debug] GET    /api/tx-logs/:hash/analyze --> backend/router.AnalyzeTxHash (6 handlers)
[GIN-debug] GET    /api/chain/stats          --> backend/router.GetChainStats (6 handlers)
[GIN-debug] POST   /api/ai/chat              --> backend/router.ChatAssistant (6 handlers)
[GIN-debug] POST   /api/ipfs/upload          --> backend/router.FileUpload (6 handlers)
[GIN-debug] GET    /api/db/dashboard/overview --> backend/router.GetDBOverview (5 handlers)
[GIN-debug] GET    /api/db/enterprises       --> backend/router.ListDBEnterprises (5 handlers)
[GIN-debug] GET    /api/db/receivables       --> backend/router.ListDBReceivables (5 handlers)
[GIN-debug] GET    /api/db/receivables/:id   --> backend/router.GetDBReceivableByID (5 handlers)
[GIN-debug] GET    /api/db/receivables/:id/financing --> backend/router.ListDBFinancingByReceivable (5 handlers)
[GIN-debug] GET    /api/db/documents         --> backend/router.ListDBDocuments (5 handlers)
[GIN-debug] GET    /assets/*filepath         --> github.com/gin-gonic/gin.(*RouterGroup).createStaticHandler.func1 (5 handlers)
[GIN-debug] HEAD   /assets/*filepath         --> github.com/gin-gonic/gin.(*RouterGroup).createStaticHandler.func1 (5 handlers)
[GIN-debug] [WARNING] You trusted all proxies, this is NOT safe. We recommend you to set a value.
Please check https://github.com/gin-gonic/gin/blob/master/docs/doc.md#dont-trust-all-proxies for details.
[GIN-debug] Listening and serving HTTP on :8888
[GIN] 2026/04/21 - 20:50:09 | 200 |    2.99s |             ::1 | POST     "/api/auth/login"
[GIN] 2026/04/21 - 20:50:09 | 200 |   8.14ms |             ::1 | GET      "/api/db/enterprises"
[GIN] 2026/04/21 - 20:50:09 | 200 |  31.82ms |             ::1 | GET      "/api/db/documents"
[GIN] 2026/04/21 - 20:50:09 | 200 |  32.91ms |             ::1 | GET      "/api/db/receivables"
[GIN] 2026/04/21 - 20:50:09 | 200 |   3.17ms |             ::1 | GET      "/api/db/receivables"
[GIN] 2026/04/21 - 20:50:13 | 200 |   2.08ms |             ::1 | GET      "/api/db/enterprises"
[GIN] 2026/04/21 - 20:50:13 | 200 |   1.94ms |             ::1 | GET      "/api/db/receivables"
[GIN] 2026/04/21 - 20:50:13 | 200 |   6.57ms |             ::1 | GET      "/api/db/documents"
[GIN] 2026/04/21 - 20:50:13 | 200 |   2.32ms |             ::1 | GET      "/api/db/receivables"
[GIN] 2026/04/21 - 20:50:18 | 200 |   2.89ms |             ::1 | GET      "/api/db/enterprises"
[GIN] 2026/04/21 - 20:50:18 | 200 |   1.85ms |             ::1 | GET      "/api/db/documents"
[GIN] 2026/04/21 - 20:50:18 | 200 |   3.62ms |             ::1 | GET      "/api/db/receivables"
[GIN] 2026/04/21 - 20:50:19 | 200 |   1.87ms |             ::1 | GET      "/api/db/receivables"
[GIN] 2026/04/21 - 20:50:21 | 200 |   1.17ms |             ::1 | GET      "/api/db/enterprises"
[GIN] 2026/04/21 - 20:50:21 | 200 |    1.3ms |             ::1 | GET      "/api/db/receivables"
[GIN] 2026/04/21 - 20:50:21 | 200 |   1.88ms |             ::1 | GET      "/api/db/documents"
[GIN] 2026/04/21 - 20:50:22 | 200 |   1.45ms |             ::1 | GET      "/api/db/enterprises"
[GIN] 2026/04/21 - 20:50:22 | 200 |   1.79ms |             ::1 | GET      "/api/db/documents"
[GIN] 2026/04/21 - 20:50:22 | 200 |   6.96ms |             ::1 | GET      "/api/db/receivables"
[GIN] 2026/04/21 - 20:50:22 | 200 |  14.62ms |             ::1 | GET      "/api/tx-logs?page=1&pageSize=30"
[GIN] 2026/04/21 - 20:50:22 | 200 |  19.41ms |             ::1 | GET      "/api/db/dashboard/overview"
[GIN] 2026/04/21 - 20:50:22 | 200 | 150.47ms |             ::1 | GET      "/api/chain/stats"
[GIN] 2026/04/21 - 20:51:56 | 200 |   1.38ms |             ::1 | GET      "/api/db/enterprises"
[GIN] 2026/04/21 - 20:51:56 | 200 |    1.7ms |             ::1 | GET      "/api/db/receivables"
[GIN] 2026/04/21 - 20:51:56 | 200 |  10.08ms |             ::1 | GET      "/api/db/documents"
[GIN] 2026/04/21 - 20:52:08 | 400 |    547µs |             ::1 | POST     "/api/auth/login"
[GIN] 2026/04/21 - 20:52:11 | 404 |   1.15ms |             ::1 | POST     "/api/auth/login"
[GIN] 2026/04/21 - 20:52:51 | 200 |    1.61s |             ::1 | POST     "/api/auth/login"
[GIN] 2026/04/21 - 20:52:51 | 200 |   1.66ms |             ::1 | GET      "/api/db/enterprises"
[GIN] 2026/04/21 - 20:52:51 | 200 |   2.26ms |             ::1 | GET      "/api/db/documents"
[GIN] 2026/04/21 - 20:52:51 | 200 |   4.58ms |             ::1 | GET      "/api/db/receivables"
[GIN] 2026/04/21 - 20:52:51 | 200 |   1.12ms |             ::1 | GET      "/api/auth/users"
[GIN] 2026/04/21 - 20:52:51 | 200 |   1.71ms |             ::1 | GET      "/api/db/receivables"
[GIN] 2026/04/21 - 20:52:51 | 200 |   2.89ms |             ::1 | GET      "/api/db/enterprises"
[GIN] 2026/04/21 - 20:52:53 | 200 |   2.83ms |             ::1 | GET      "/api/db/enterprises"
[GIN] 2026/04/21 - 20:52:53 | 200 |   6.26ms |             ::1 | GET      "/api/db/receivables"
[GIN] 2026/04/21 - 20:52:53 | 200 |   8.56ms |             ::1 | GET      "/api/db/documents"
[GIN] 2026/04/21 - 20:52:53 | 200 |   2.34ms |             ::1 | GET      "/api/tx-logs?page=1&pageSize=30"
[GIN] 2026/04/21 - 20:52:54 | 200 |   16.2ms |             ::1 | GET      "/api/db/dashboard/overview"
[GIN] 2026/04/21 - 20:52:54 | 200 | 177.18ms |             ::1 | GET      "/api/chain/stats"
[GIN] 2026/04/21 - 20:52:54 | 200 |   1.95ms |             ::1 | GET      "/api/db/enterprises"
[GIN] 2026/04/21 - 20:52:54 | 200 |    3.2ms |             ::1 | GET      "/api/db/documents"
[GIN] 2026/04/21 - 20:52:54 | 200 |   5.61ms |             ::1 | GET      "/api/db/receivables"
[GIN] 2026/04/21 - 20:52:54 | 200 |   1.68ms |             ::1 | GET      "/api/db/receivables"
[GIN] 2026/04/21 - 20:52:56 | 200 |   1.64ms |             ::1 | GET      "/api/db/enterprises"
[GIN] 2026/04/21 - 20:52:56 | 200 |   1.93ms |             ::1 | GET      "/api/db/receivables"
[GIN] 2026/04/21 - 20:52:56 | 200 |   9.05ms |             ::1 | GET      "/api/db/documents"
[GIN] 2026/04/21 - 20:52:57 | 200 |   2.28ms |             ::1 | GET      "/api/db/enterprises"
[GIN] 2026/04/21 - 20:52:57 | 200 |  11.01ms |             ::1 | GET      "/api/auth/users"
[GIN] 2026/04/21 - 20:52:57 | 200 |  20.91ms |             ::1 | GET      "/api/db/receivables"
[GIN] 2026/04/21 - 21:27:46 | 200 | 816.34ms |             ::1 | POST     "/api/auth/login"
[GIN] 2026/04/21 - 21:27:46 | 200 |   1.25ms |             ::1 | GET      "/api/db/enterprises"
[GIN] 2026/04/21 - 21:27:46 | 200 |   1.52ms |             ::1 | GET      "/api/db/receivables"
[GIN] 2026/04/21 - 21:27:46 | 200 |   3.38ms |             ::1 | GET      "/api/db/documents"
[GIN] 2026/04/21 - 21:27:46 | 200 |   1.87ms |             ::1 | GET      "/api/db/receivables"
[GIN-debug] [WARNING] Running in "debug" mode. Switch to "release" mode in production.
 - using env:	export GIN_MODE=release
 - using code:	gin.SetMode(gin.ReleaseMode)

[GIN-debug] GET    /health                   --> backend/router.RegisterRoutes.func1 (5 handlers)
[GIN-debug] GET    /workflow/public/stats    --> backend/middleware.GetStats (5 handlers)
[GIN-debug] POST   /api/auth/register        --> backend/router.UserRegister (5 handlers)
[GIN-debug] POST   /api/auth/login           --> backend/router.UserLogin (5 handlers)
[GIN-debug] GET    /api/auth/users           --> backend/router.ListUsers (5 handlers)
[GIN-debug] POST   /api/enterprise/register  --> backend/router.RegisterEnterprise (6 handlers)
[GIN-debug] GET    /api/enterprise           --> backend/router.ListEnterprises (5 handlers)
[GIN-debug] GET    /api/enterprise/:address  --> backend/router.GetEnterpriseByAddress (5 handlers)
[GIN-debug] POST   /api/receivable/issue     --> backend/router.IssueReceivable (6 handlers)
[GIN-debug] POST   /api/receivable/confirm   --> backend/router.ConfirmReceivable (6 handlers)
[GIN-debug] POST   /api/receivable/finance   --> backend/router.RecordFinancing (6 handlers)
[GIN-debug] POST   /api/receivable/settle    --> backend/router.RecordSettlement (6 handlers)
[GIN-debug] GET    /api/receivable           --> backend/router.ListReceivables (5 handlers)
[GIN-debug] GET    /api/receivable/:id       --> backend/router.GetReceivableByID (5 handlers)
[GIN-debug] GET    /api/receivable/:id/financing --> backend/router.GetFinancingByReceivable (5 handlers)
[GIN-debug] POST   /api/business/enterprise/register --> backend/router.RegisterEnterprise (6 handlers)
[GIN-debug] POST   /api/business/receivable/issue --> backend/router.IssueReceivable (6 handlers)
[GIN-debug] POST   /api/business/receivable/confirm --> backend/router.ConfirmReceivable (6 handlers)
[GIN-debug] POST   /api/business/receivable/settle --> backend/router.RecordSettlement (6 handlers)
[GIN-debug] GET    /api/business/receivable/:id --> backend/router.GetReceivableByID (6 handlers)
[GIN-debug] GET    /api/business/receivables --> backend/router.ListReceivables (6 handlers)
[GIN-debug] POST   /api/finance/receivable/finance --> backend/router.RecordFinancing (6 handlers)
[GIN-debug] GET    /api/finance/receivable/:id --> backend/router.GetReceivableByID (6 handlers)
[GIN-debug] GET    /api/finance/receivable/:id/financing --> backend/router.GetFinancingByReceivable (6 handlers)
[GIN-debug] GET    /api/finance/receivables  --> backend/router.ListReceivables (6 handlers)
[GIN-debug] GET    /api/dashboard/overview   --> backend/router.GetOverview (5 handlers)
[GIN-debug] GET    /api/tx-logs              --> backend/router.GetRecentTxLogs (5 handlers)
[GIN-debug] GET    /api/tx-logs/:hash/analyze --> backend/router.AnalyzeTxHash (6 handlers)
[GIN-debug] GET    /api/chain/stats          --> backend/router.GetChainStats (6 handlers)
[GIN-debug] POST   /api/ai/chat              --> backend/router.ChatAssistant (6 handlers)
[GIN-debug] POST   /api/ipfs/upload          --> backend/router.FileUpload (6 handlers)
[GIN-debug] GET    /api/db/dashboard/overview --> backend/router.GetDBOverview (5 handlers)
[GIN-debug] GET    /api/db/enterprises       --> backend/router.ListDBEnterprises (5 handlers)
[GIN-debug] GET    /api/db/receivables       --> backend/router.ListDBReceivables (5 handlers)
[GIN-debug] GET    /api/db/receivables/:id   --> backend/router.GetDBReceivableByID (5 handlers)
[GIN-debug] GET    /api/db/receivables/:id/financing --> backend/router.ListDBFinancingByReceivable (5 handlers)
[GIN-debug] GET    /api/db/documents         --> backend/router.ListDBDocuments (5 handlers)
[GIN-debug] GET    /assets/*filepath         --> github.com/gin-gonic/gin.(*RouterGroup).createStaticHandler.func1 (5 handlers)
[GIN-debug] HEAD   /assets/*filepath         --> github.com/gin-gonic/gin.(*RouterGroup).createStaticHandler.func1 (5 handlers)
[GIN-debug] [WARNING] You trusted all proxies, this is NOT safe. We recommend you to set a value.
Please check https://github.com/gin-gonic/gin/blob/master/docs/doc.md#dont-trust-all-proxies for details.
[GIN-debug] Listening and serving HTTP on :8888
[GIN-debug] [WARNING] Running in "debug" mode. Switch to "release" mode in production.
 - using env:	export GIN_MODE=release
 - using code:	gin.SetMode(gin.ReleaseMode)

[GIN-debug] GET    /health                   --> backend/router.RegisterRoutes.func1 (5 handlers)
[GIN-debug] GET    /workflow/public/stats    --> backend/middleware.GetStats (5 handlers)
[GIN-debug] POST   /api/auth/register        --> backend/router.UserRegister (5 handlers)
[GIN-debug] POST   /api/auth/login           --> backend/router.UserLogin (5 handlers)
[GIN-debug] GET    /api/auth/users           --> backend/router.ListUsers (5 handlers)
[GIN-debug] POST   /api/enterprise/register  --> backend/router.RegisterEnterprise (6 handlers)
[GIN-debug] GET    /api/enterprise           --> backend/router.ListEnterprises (5 handlers)
[GIN-debug] GET    /api/enterprise/:address  --> backend/router.GetEnterpriseByAddress (5 handlers)
[GIN-debug] POST   /api/receivable/issue     --> backend/router.IssueReceivable (6 handlers)
[GIN-debug] POST   /api/receivable/confirm   --> backend/router.ConfirmReceivable (6 handlers)
[GIN-debug] POST   /api/receivable/finance   --> backend/router.RecordFinancing (6 handlers)
[GIN-debug] POST   /api/receivable/settle    --> backend/router.RecordSettlement (6 handlers)
[GIN-debug] GET    /api/receivable           --> backend/router.ListReceivables (5 handlers)
[GIN-debug] GET    /api/receivable/:id       --> backend/router.GetReceivableByID (5 handlers)
[GIN-debug] GET    /api/receivable/:id/financing --> backend/router.GetFinancingByReceivable (5 handlers)
[GIN-debug] POST   /api/business/enterprise/register --> backend/router.RegisterEnterprise (6 handlers)
[GIN-debug] POST   /api/business/receivable/issue --> backend/router.IssueReceivable (6 handlers)
[GIN-debug] POST   /api/business/receivable/confirm --> backend/router.ConfirmReceivable (6 handlers)
[GIN-debug] POST   /api/business/receivable/settle --> backend/router.RecordSettlement (6 handlers)
[GIN-debug] GET    /api/business/receivable/:id --> backend/router.GetReceivableByID (6 handlers)
[GIN-debug] GET    /api/business/receivables --> backend/router.ListReceivables (6 handlers)
[GIN-debug] POST   /api/finance/receivable/finance --> backend/router.RecordFinancing (6 handlers)
[GIN-debug] GET    /api/finance/receivable/:id --> backend/router.GetReceivableByID (6 handlers)
[GIN-debug] GET    /api/finance/receivable/:id/financing --> backend/router.GetFinancingByReceivable (6 handlers)
[GIN-debug] GET    /api/finance/receivables  --> backend/router.ListReceivables (6 handlers)
[GIN-debug] GET    /api/dashboard/overview   --> backend/router.GetOverview (5 handlers)
[GIN-debug] GET    /api/tx-logs              --> backend/router.GetRecentTxLogs (5 handlers)
[GIN-debug] GET    /api/tx-logs/:hash/analyze --> backend/router.AnalyzeTxHash (6 handlers)
[GIN-debug] GET    /api/chain/stats          --> backend/router.GetChainStats (6 handlers)
[GIN-debug] POST   /api/ai/chat              --> backend/router.ChatAssistant (6 handlers)
[GIN-debug] POST   /api/ipfs/upload          --> backend/router.FileUpload (6 handlers)
[GIN-debug] GET    /api/db/dashboard/overview --> backend/router.GetDBOverview (5 handlers)
[GIN-debug] GET    /api/db/enterprises       --> backend/router.ListDBEnterprises (5 handlers)
[GIN-debug] GET    /api/db/receivables       --> backend/router.ListDBReceivables (5 handlers)
[GIN-debug] GET    /api/db/receivables/:id   --> backend/router.GetDBReceivableByID (5 handlers)
[GIN-debug] GET    /api/db/receivables/:id/financing --> backend/router.ListDBFinancingByReceivable (5 handlers)
[GIN-debug] GET    /api/db/documents         --> backend/router.ListDBDocuments (5 handlers)
[GIN-debug] GET    /assets/*filepath         --> github.com/gin-gonic/gin.(*RouterGroup).createStaticHandler.func1 (5 handlers)
[GIN-debug] HEAD   /assets/*filepath         --> github.com/gin-gonic/gin.(*RouterGroup).createStaticHandler.func1 (5 handlers)
[GIN-debug] [WARNING] You trusted all proxies, this is NOT safe. We recommend you to set a value.
Please check https://github.com/gin-gonic/gin/blob/master/docs/doc.md#dont-trust-all-proxies for details.
[GIN-debug] Listening and serving HTTP on :8888
[GIN] 2026/04/27 - 18:43:01 | 401 | 167.65ms |             ::1 | POST     "/api/auth/login"
[GIN] 2026/04/27 - 18:43:07 | 200 | 881.43ms |             ::1 | POST     "/api/auth/login"
[GIN] 2026/04/27 - 18:43:07 | 200 |   7.85ms |             ::1 | GET      "/api/db/enterprises"
[GIN] 2026/04/27 - 18:43:07 | 200 |   7.46ms |             ::1 | GET      "/api/db/receivables"
[GIN] 2026/04/27 - 18:43:07 | 200 |  28.51ms |             ::1 | GET      "/api/db/documents"
[GIN] 2026/04/27 - 18:43:07 | 200 |   1.18ms |             ::1 | GET      "/api/auth/users"
[GIN] 2026/04/27 - 18:43:07 | 200 |   1.79ms |             ::1 | GET      "/api/db/receivables"
[GIN] 2026/04/27 - 18:43:07 | 200 |   1.79ms |             ::1 | GET      "/api/db/enterprises"
[GIN] 2026/04/27 - 18:43:22 | 200 | 811.52ms |             ::1 | POST     "/api/auth/register"
[GIN] 2026/04/27 - 18:43:27 | 200 | 819.88ms |             ::1 | POST     "/api/auth/login"
[GIN] 2026/04/27 - 18:43:27 | 200 |  11.52ms |             ::1 | GET      "/api/db/enterprises"
[GIN] 2026/04/27 - 18:43:27 | 200 |  17.21ms |             ::1 | GET      "/api/db/receivables"
[GIN] 2026/04/27 - 18:43:27 | 200 |      2ms |             ::1 | GET      "/api/db/enterprises"
[GIN] 2026/04/27 - 18:43:27 | 200 |   1.99ms |             ::1 | GET      "/api/db/receivables"
[GIN] 2026/04/27 - 18:43:27 | 200 |  33.06ms |             ::1 | GET      "/api/auth/users"
[GIN] 2026/04/27 - 18:43:27 | 200 |  39.59ms |             ::1 | GET      "/api/db/documents"
[GIN] 2026/04/27 - 18:47:20 | 200 |   1.19ms |             ::1 | GET      "/api/auth/users"
[GIN] 2026/04/27 - 18:47:20 | 200 |   2.39ms |             ::1 | GET      "/api/db/receivables"
[GIN] 2026/04/27 - 18:47:20 | 200 |  26.52ms |             ::1 | GET      "/api/db/enterprises"
[GIN] 2026/04/27 - 18:47:21 | 200 |   1.17ms |             ::1 | GET      "/api/db/enterprises"
[GIN] 2026/04/27 - 18:47:21 | 200 |   4.74ms |             ::1 | GET      "/api/db/documents"
[GIN] 2026/04/27 - 18:47:21 | 200 |   6.19ms |             ::1 | GET      "/api/db/receivables"
[GIN] 2026/04/27 - 18:47:22 | 200 |   1.18ms |             ::1 | GET      "/api/db/receivables"
[GIN] 2026/04/27 - 18:47:24 | 200 |  10.91ms |             ::1 | GET      "/api/db/receivables/R-1773156986827"
[GIN] 2026/04/27 - 18:47:26 | 200 |    2.3ms |             ::1 | GET      "/api/db/enterprises"
[GIN] 2026/04/27 - 18:47:26 | 200 |   1.91ms |             ::1 | GET      "/api/db/receivables"
[GIN] 2026/04/27 - 18:47:26 | 200 |   4.97ms |             ::1 | GET      "/api/db/documents"
[GIN] 2026/04/27 - 18:47:27 | 200 |   1.43ms |             ::1 | GET      "/api/db/documents"
[GIN] 2026/04/27 - 18:47:27 | 200 |   2.03ms |             ::1 | GET      "/api/db/receivables"
[GIN] 2026/04/27 - 18:47:34 | 200 |   6.08ms |             ::1 | GET      "/api/db/enterprises"
[GIN] 2026/04/27 - 18:47:34 | 200 |   1.71ms |             ::1 | GET      "/api/db/receivables"
[GIN] 2026/04/27 - 18:47:34 | 200 |   2.93ms |             ::1 | GET      "/api/db/documents"
[GIN] 2026/04/27 - 18:47:46 | 200 |    9.43s |             ::1 | POST     "/api/ai/chat"
[GIN] 2026/04/27 - 18:48:04 | 200 |   1.17ms |             ::1 | GET      "/api/db/enterprises"
[GIN] 2026/04/27 - 18:48:04 | 200 |   1.24ms |             ::1 | GET      "/api/db/receivables"
[GIN] 2026/04/27 - 18:48:04 | 200 |   1.77ms |             ::1 | GET      "/api/db/documents"
[GIN] 2026/04/27 - 18:48:04 | 200 |   1.49ms |             ::1 | GET      "/api/db/receivables"
[GIN] 2026/04/27 - 18:48:04 | 200 |  14.26ms |             ::1 | GET      "/api/db/documents"
[GIN] 2026/04/27 - 18:48:04 | 200 |   2.56ms |             ::1 | GET      "/api/db/enterprises"
[GIN] 2026/04/27 - 18:48:04 | 200 |   5.88ms |             ::1 | GET      "/api/db/receivables"
[GIN] 2026/04/27 - 18:48:04 | 200 |   6.07ms |             ::1 | GET      "/api/db/documents"
[GIN] 2026/04/27 - 18:48:05 | 200 |   1.27ms |             ::1 | GET      "/api/auth/users"
[GIN] 2026/04/27 - 18:48:05 | 200 |   1.21ms |             ::1 | GET      "/api/db/enterprises"
[GIN] 2026/04/27 - 18:48:05 | 200 |   2.35ms |             ::1 | GET      "/api/db/receivables"
[GIN] 2026/04/27 - 18:48:08 | 200 |   3.52ms |             ::1 | GET      "/api/db/enterprises"
[GIN] 2026/04/27 - 18:48:08 | 200 |   1.74ms |             ::1 | GET      "/api/db/receivables"
[GIN] 2026/04/27 - 18:48:08 | 200 |   2.91ms |             ::1 | GET      "/api/db/documents"
[GIN] 2026/04/27 - 18:48:08 | 200 |  14.28ms |             ::1 | GET      "/api/tx-logs?page=1&pageSize=30"
[GIN] 2026/04/27 - 18:48:08 | 200 |  20.75ms |             ::1 | GET      "/api/db/dashboard/overview"
[GIN] 2026/04/27 - 18:48:08 | 200 | 118.37ms |             ::1 | GET      "/api/chain/stats"
[GIN] 2026/04/27 - 18:48:11 | 200 |  79.27ms |             ::1 | GET      "/api/tx-logs/0x31a6653e2831cbef9dd2bf0d4a064730d6e4d1a2a3b5b39ef67b4dde2bc994d9/analyze"
[GIN] 2026/04/27 - 18:48:31 | 200 |   14.56s |             ::1 | POST     "/api/ai/chat"
[GIN] 2026/04/27 - 18:48:48 | 200 |   1.55ms |             ::1 | GET      "/api/db/enterprises"
[GIN] 2026/04/27 - 18:48:48 | 200 |   1.29ms |             ::1 | GET      "/api/db/receivables"
[GIN] 2026/04/27 - 18:48:48 | 200 |   2.59ms |             ::1 | GET      "/api/db/documents"
[GIN] 2026/04/27 - 18:48:48 | 200 |   1.17ms |             ::1 | GET      "/api/auth/users"
[GIN] 2026/04/27 - 18:48:48 | 200 |   1.77ms |             ::1 | GET      "/api/db/receivables"
[GIN] 2026/04/27 - 18:48:48 | 200 |  20.19ms |             ::1 | GET      "/api/db/enterprises"
[GIN] 2026/04/27 - 18:48:56 | 200 |   4.23ms |             ::1 | GET      "/api/db/enterprises"
[GIN] 2026/04/27 - 18:48:56 | 200 |   5.53ms |             ::1 | GET      "/api/db/receivables"
[GIN] 2026/04/27 - 18:48:56 | 200 |   7.06ms |             ::1 | GET      "/api/db/documents"
[GIN] 2026/04/27 - 18:48:56 | 200 |   1.09ms |             ::1 | GET      "/api/db/receivables"
[GIN] 2026/04/27 - 18:49:20 | 200 |   7.44ms |             ::1 | GET      "/api/db/enterprises"
[GIN] 2026/04/27 - 18:49:20 | 200 |      2ms |             ::1 | GET      "/api/db/documents"
[GIN] 2026/04/27 - 18:49:20 | 200 |      2ms |             ::1 | GET      "/api/db/receivables"
[GIN] 2026/04/27 - 18:49:20 | 200 |  597.3µs |             ::1 | GET      "/api/auth/users"
[GIN] 2026/04/27 - 18:49:20 | 200 |   1.77ms |             ::1 | GET      "/api/db/receivables"
[GIN] 2026/04/27 - 18:49:20 | 200 |   2.38ms |             ::1 | GET      "/api/db/enterprises"
[GIN] 2026/04/27 - 18:49:29 | 200 | 300.61ms |             ::1 | POST     "/api/business/enterprise/register"
[GIN] 2026/04/27 - 18:49:29 | 200 |   1.19ms |             ::1 | GET      "/api/db/enterprises"
[GIN] 2026/04/27 - 18:49:55 | 200 | 546.96ms |             ::1 | POST     "/api/business/receivable/issue"
[GIN] 2026/04/27 - 18:49:55 | 200 |   1.85ms |             ::1 | GET      "/api/db/receivables"
[GIN] 2026/04/27 - 18:49:55 | 200 |    1.8ms |             ::1 | GET      "/api/db/receivables/R-1777286960487"
[GIN] 2026/04/27 - 18:50:01 | 200 |   2.76ms |             ::1 | GET      "/api/db/enterprises"
[GIN] 2026/04/27 - 18:50:01 | 200 |   4.61ms |             ::1 | GET      "/api/db/receivables"
[GIN] 2026/04/27 - 18:50:01 | 200 |   6.87ms |             ::1 | GET      "/api/db/documents"
[GIN] 2026/04/27 - 18:50:01 | 200 |   1.41ms |             ::1 | GET      "/api/db/receivables"
[GIN] 2026/04/27 - 18:50:02 | 200 |   1.97ms |             ::1 | GET      "/api/db/enterprises"
[GIN] 2026/04/27 - 18:50:02 | 200 |   2.02ms |             ::1 | GET      "/api/db/receivables"
[GIN] 2026/04/27 - 18:50:04 | 200 |   2.34ms |             ::1 | GET      "/api/db/enterprises"
[GIN] 2026/04/27 - 18:50:04 | 200 |   1.76ms |             ::1 | GET      "/api/db/receivables"
[GIN] 2026/04/27 - 18:50:04 | 200 |   2.36ms |             ::1 | GET      "/api/db/documents"
[GIN] 2026/04/27 - 18:50:04 | 200 |   1.11ms |             ::1 | GET      "/api/auth/users"
[GIN] 2026/04/27 - 18:50:04 | 200 |   1.78ms |             ::1 | GET      "/api/db/receivables"
[GIN] 2026/04/27 - 18:50:04 | 200 |  29.12ms |             ::1 | GET      "/api/db/enterprises"
[GIN] 2026/04/27 - 18:50:07 | 200 |   1.87ms |             ::1 | GET      "/api/db/enterprises"
[GIN] 2026/04/27 - 18:50:07 | 200 |   1.42ms |             ::1 | GET      "/api/db/receivables"
[GIN] 2026/04/27 - 18:50:07 | 200 |   1.98ms |             ::1 | GET      "/api/db/documents"
[GIN] 2026/04/27 - 18:50:07 | 200 |   1.79ms |             ::1 | GET      "/api/db/receivables"
[GIN] 2026/04/27 - 18:50:07 | 200 |   2.46ms |             ::1 | GET      "/api/db/enterprises"
[GIN] 2026/04/27 - 18:50:35 | 200 | 751.66ms |             ::1 | POST     "/api/auth/register"
[GIN] 2026/04/27 - 18:50:38 | 200 | 837.79ms |             ::1 | POST     "/api/auth/login"
[GIN] 2026/04/27 - 18:50:38 | 200 |   1.16ms |             ::1 | GET      "/api/db/enterprises"
[GIN] 2026/04/27 - 18:50:38 | 200 |   1.16ms |             ::1 | GET      "/api/db/receivables"
[GIN] 2026/04/27 - 18:50:38 | 200 |   2.39ms |             ::1 | GET      "/api/db/documents"
[GIN] 2026/04/27 - 18:50:38 | 200 |   1.58ms |             ::1 | GET      "/api/db/receivables"
[GIN] 2026/04/27 - 18:51:18 | 200 | 828.12ms |             ::1 | POST     "/api/auth/login"
[GIN] 2026/04/27 - 18:51:18 | 200 |   1.16ms |             ::1 | GET      "/api/db/enterprises"
[GIN] 2026/04/27 - 18:51:18 | 200 |   1.22ms |             ::1 | GET      "/api/db/documents"
[GIN] 2026/04/27 - 18:51:18 | 200 |   1.81ms |             ::1 | GET      "/api/db/receivables"
[GIN] 2026/04/27 - 18:51:18 | 200 |    1.1ms |             ::1 | GET      "/api/auth/users"
[GIN] 2026/04/27 - 18:51:18 | 200 |   2.32ms |             ::1 | GET      "/api/db/receivables"
[GIN] 2026/04/27 - 18:51:18 | 200 |  22.51ms |             ::1 | GET      "/api/db/enterprises"
[GIN] 2026/04/27 - 18:51:24 | 200 | 111.03ms |             ::1 | POST     "/api/business/receivable/confirm"
[GIN] 2026/04/27 - 18:51:24 | 200 |  984.6µs |             ::1 | GET      "/api/db/receivables"
[GIN] 2026/04/27 - 18:51:24 | 200 |   2.46ms |             ::1 | GET      "/api/db/receivables/R-1777286960487"
[GIN] 2026/04/27 - 18:51:34 | 200 |   1.99ms |             ::1 | GET      "/api/db/enterprises"
[GIN] 2026/04/27 - 18:51:34 | 200 |   1.34ms |             ::1 | GET      "/api/db/receivables"
[GIN] 2026/04/27 - 18:51:34 | 200 |    2.6ms |             ::1 | GET      "/api/db/documents"
[GIN] 2026/04/27 - 18:51:34 | 200 |   1.54ms |             ::1 | GET      "/api/db/receivables"
[GIN] 2026/04/27 - 18:51:34 | 200 |   1.41ms |             ::1 | GET      "/api/db/enterprises"
[GIN] 2026/04/27 - 18:51:50 | 200 |  826.2ms |             ::1 | POST     "/api/auth/login"
[GIN] 2026/04/27 - 18:51:50 | 200 |   2.76ms |             ::1 | GET      "/api/db/enterprises"
[GIN] 2026/04/27 - 18:51:50 | 200 |   1.56ms |             ::1 | GET      "/api/db/receivables"
[GIN] 2026/04/27 - 18:51:50 | 200 |   2.56ms |             ::1 | GET      "/api/db/documents"
[GIN] 2026/04/27 - 18:51:50 | 200 |   1.48ms |             ::1 | GET      "/api/db/receivables"
[GIN] 2026/04/27 - 18:52:15 | 200 | 833.25ms |             ::1 | POST     "/api/auth/login"
[GIN] 2026/04/27 - 18:52:15 | 200 |   2.19ms |             ::1 | GET      "/api/db/enterprises"
[GIN] 2026/04/27 - 18:52:15 | 200 |   1.21ms |             ::1 | GET      "/api/db/receivables"
[GIN] 2026/04/27 - 18:52:15 | 200 |   2.14ms |             ::1 | GET      "/api/db/documents"
[GIN] 2026/04/27 - 18:52:15 | 200 |   1.53ms |             ::1 | GET      "/api/auth/users"
[GIN] 2026/04/27 - 18:52:15 | 200 |   1.53ms |             ::1 | GET      "/api/db/receivables"
[GIN] 2026/04/27 - 18:52:15 | 200 |  35.22ms |             ::1 | GET      "/api/db/enterprises"
[GIN] 2026/04/27 - 18:52:28 | 200 | 124.58ms |             ::1 | POST     "/api/business/receivable/issue"
[GIN] 2026/04/27 - 18:52:28 | 200 |   1.29ms |             ::1 | GET      "/api/db/receivables"
[GIN] 2026/04/27 - 18:52:28 | 200 |   2.65ms |             ::1 | GET      "/api/db/receivables/R-1777287135718"
[GIN] 2026/04/27 - 18:52:30 | 200 |   1.52ms |             ::1 | GET      "/api/db/enterprises"
[GIN] 2026/04/27 - 18:52:31 | 200 |   1.52ms |             ::1 | GET      "/api/db/documents"
[GIN] 2026/04/27 - 18:52:31 | 200 |   2.04ms |             ::1 | GET      "/api/db/receivables"
[GIN] 2026/04/27 - 18:52:31 | 200 |  12.48ms |             ::1 | GET      "/api/db/enterprises"
[GIN] 2026/04/27 - 18:52:31 | 200 |  14.02ms |             ::1 | GET      "/api/db/receivables"
[GIN] 2026/04/27 - 18:52:54 | 200 | 845.78ms |             ::1 | POST     "/api/auth/login"
[GIN] 2026/04/27 - 18:52:54 | 200 |   4.78ms |             ::1 | GET      "/api/db/enterprises"
[GIN] 2026/04/27 - 18:52:54 | 200 |   2.42ms |             ::1 | GET      "/api/db/receivables"
[GIN] 2026/04/27 - 18:52:54 | 200 |    1.9ms |             ::1 | GET      "/api/db/documents"
[GIN] 2026/04/27 - 18:52:54 | 200 |   2.01ms |             ::1 | GET      "/api/auth/users"
[GIN] 2026/04/27 - 18:52:54 | 200 |   2.08ms |             ::1 | GET      "/api/db/receivables"
[GIN] 2026/04/27 - 18:52:54 | 200 |   3.75ms |             ::1 | GET      "/api/db/enterprises"
[GIN] 2026/04/27 - 18:53:38 | 200 | 112.67ms |             ::1 | POST     "/api/business/receivable/confirm"
[GIN] 2026/04/27 - 18:53:38 | 200 |   1.55ms |             ::1 | GET      "/api/db/receivables"
[GIN] 2026/04/27 - 18:53:38 | 200 |   2.65ms |             ::1 | GET      "/api/db/receivables/R-1777287135718"
[GIN] 2026/04/27 - 18:53:40 | 200 |   2.42ms |             ::1 | GET      "/api/db/enterprises"
[GIN] 2026/04/27 - 18:53:40 | 200 |   2.01ms |             ::1 | GET      "/api/db/receivables"
[GIN] 2026/04/27 - 18:53:40 | 200 |   1.48ms |             ::1 | GET      "/api/db/documents"
[GIN] 2026/04/27 - 18:53:40 | 200 |   1.16ms |             ::1 | GET      "/api/db/enterprises"
[GIN] 2026/04/27 - 18:53:40 | 200 |   1.16ms |             ::1 | GET      "/api/db/receivables"
[GIN] 2026/04/27 - 18:53:51 | 200 | 821.26ms |             ::1 | POST     "/api/auth/login"
[GIN] 2026/04/27 - 18:53:51 | 200 |    1.5ms |             ::1 | GET      "/api/db/enterprises"
[GIN] 2026/04/27 - 18:53:51 | 200 |    1.3ms |             ::1 | GET      "/api/db/receivables"
[GIN] 2026/04/27 - 18:53:51 | 200 |   1.79ms |             ::1 | GET      "/api/db/documents"
[GIN] 2026/04/27 - 18:53:51 | 200 |   2.23ms |             ::1 | GET      "/api/db/receivables"
[GIN] 2026/04/27 - 18:57:21 | 200 |   1.37ms |             ::1 | GET      "/api/db/receivables"
[GIN] 2026/04/27 - 19:01:50 | 200 | 394.43ms |             ::1 | POST     "/api/finance/receivable/finance"
[GIN] 2026/04/27 - 19:01:50 | 200 |   1.26ms |             ::1 | GET      "/api/db/receivables"
[GIN] 2026/04/27 - 19:01:50 | 200 |   2.48ms |             ::1 | GET      "/api/db/receivables/R-1777286960487"
[GIN] 2026/04/27 - 19:01:54 | 200 |   1.57ms |             ::1 | GET      "/api/db/receivables/R-1777286960487"
[GIN] 2026/04/27 - 19:01:56 | 200 |   1.28ms |             ::1 | GET      "/api/db/enterprises"
[GIN] 2026/04/27 - 19:01:56 | 200 |   1.46ms |             ::1 | GET      "/api/db/documents"
[GIN] 2026/04/27 - 19:01:56 | 200 |   2.21ms |             ::1 | GET      "/api/db/receivables"
[GIN] 2026/04/27 - 19:01:56 | 200 |   1.94ms |             ::1 | GET      "/api/db/receivables"
[GIN] 2026/04/27 - 19:01:56 | 200 |    1.8ms |             ::1 | GET      "/api/db/enterprises"
[GIN] 2026/04/27 - 19:01:56 | 200 |    1.9ms |             ::1 | GET      "/api/db/receivables"
[GIN] 2026/04/27 - 19:01:56 | 200 |   1.82ms |             ::1 | GET      "/api/db/documents"
[GIN] 2026/04/27 - 19:01:56 | 200 |   1.36ms |             ::1 | GET      "/api/db/receivables"
[GIN] 2026/04/27 - 19:01:56 | 200 |    2.2ms |             ::1 | GET      "/api/db/enterprises"
[GIN] 2026/04/27 - 19:02:08 | 401 | 120.74ms |             ::1 | POST     "/api/auth/login"
[GIN] 2026/04/27 - 19:02:15 | 200 | 886.47ms |             ::1 | POST     "/api/auth/login"
[GIN] 2026/04/27 - 19:02:15 | 200 |   4.06ms |             ::1 | GET      "/api/db/enterprises"
[GIN] 2026/04/27 - 19:02:15 | 200 |   2.36ms |             ::1 | GET      "/api/db/receivables"
[GIN] 2026/04/27 - 19:02:15 | 200 |   1.58ms |             ::1 | GET      "/api/db/documents"
[GIN] 2026/04/27 - 19:02:15 | 200 |   3.53ms |             ::1 | GET      "/api/tx-logs?page=1&pageSize=30"
[GIN] 2026/04/27 - 19:02:15 | 200 |   7.03ms |             ::1 | GET      "/api/db/dashboard/overview"
[GIN] 2026/04/27 - 19:02:15 | 200 | 129.94ms |             ::1 | GET      "/api/chain/stats"
[GIN] 2026/04/27 - 19:02:21 | 200 |   5.12ms |             ::1 | GET      "/api/db/enterprises"
[GIN] 2026/04/27 - 19:02:21 | 200 |   7.64ms |             ::1 | GET      "/api/db/receivables"
[GIN] 2026/04/27 - 19:02:21 | 200 |   7.11ms |             ::1 | GET      "/api/db/documents"
[GIN] 2026/04/27 - 19:02:21 | 200 |   1.49ms |             ::1 | GET      "/workflow/public/stats"
[GIN] 2026/04/27 - 19:02:21 | 200 |   2.74ms |             ::1 | GET      "/api/tx-logs?limit=200"
[GIN] 2026/04/27 - 19:02:21 | 200 |   6.37ms |             ::1 | GET      "/api/db/enterprises"
[GIN] 2026/04/27 - 19:02:22 | 200 |   3.66ms |             ::1 | GET      "/api/db/receivables"
[GIN] 2026/04/27 - 19:02:22 | 200 |   2.99ms |             ::1 | GET      "/api/db/documents"
[GIN] 2026/04/27 - 19:02:22 | 200 |    667µs |             ::1 | GET      "/api/auth/users"
[GIN] 2026/04/27 - 19:02:22 | 200 |   2.19ms |             ::1 | GET      "/api/db/enterprises"
[GIN] 2026/04/27 - 19:02:22 | 200 | 113.03ms |             ::1 | GET      "/api/chain/stats"
[GIN] 2026/04/27 - 19:06:58 | 200 |   1.55ms |             ::1 | GET      "/api/auth/users"
[GIN] 2026/04/27 - 19:06:58 | 200 |    1.8ms |             ::1 | GET      "/api/db/enterprises"
[GIN] 2026/04/27 - 19:06:58 | 200 |  110.4ms |             ::1 | GET      "/api/chain/stats"
[GIN] 2026/04/27 - 19:07:01 | 200 |   5.52ms |             ::1 | GET      "/api/db/enterprises"
[GIN] 2026/04/27 - 19:07:01 | 200 |    1.3ms |             ::1 | GET      "/api/db/receivables"
[GIN] 2026/04/27 - 19:07:01 | 200 |   1.25ms |             ::1 | GET      "/api/db/documents"
[GIN] 2026/04/27 - 19:07:02 | 200 |      1ms |             ::1 | GET      "/api/db/documents"
[GIN] 2026/04/27 - 19:07:02 | 200 |      2ms |             ::1 | GET      "/api/db/receivables"
